CompanyName,Symbol,Price
20 MICRONS LTD,20MICRONS,₹277.25
21ST CENTURY MGMT SERVICE,21STCENMGM,₹98.68
360 ONE WAM LIMITED,360ONE,₹1007.60
3I INFOTECH LIMITED,3IINFOLTD,₹31.90
3M INDIA LIMITED,3MINDIA,₹34329.85
3P LAND HOLDINGS LIMITED,3PLAND,₹37.94
5PAISA CAPITAL LIMITED,5PAISA,₹534.85
63 MOONS TECHNOLOGIES LTD,63MOONS,₹390.00
A2Z INFRA ENGINEERING LTD,A2ZINFRA,₹16.95
AAA TECHNOLOGIES LIMITED,AAATECH,₹126.25
AADHAR HOUSING FINANCE L,AADHARHFC,₹444.40
AAKASH EXPLORATION SER L,AAKASH,₹11.55
AAREY DRUGS & PHARM LTD,AAREYDRUGS,₹67.56
AARON INDUSTRIES LIMITED,AARON,₹263.00
AARTECH SOLONICS LIMITED,AARTECH,₹67.80
AARTI DRUGS LTD.,AARTIDRUGS,₹517.00
AARTI INDUSTRIES LTD,AARTIIND,₹552.90
AARTI PHARMALABS LIMITED,AARTIPHARM,₹610.10
AARTI SURFACTANTS LIMITED,AARTISURF,₹810.00
AARVEE DEN. & EXP. LTD,AARVEEDEN,₹--
AARVI ENCON LIMITED,AARVI,₹136.06
AATMAJ HEALTHCARE LIMITED,AATMAJ,₹26.80
AAVAS FINANCIERS LIMITED,AAVAS,₹1745.00
ABAN OFFSHORE LTD.,ABAN,₹74.80
ABB INDIA LIMITED,ABB,₹7903.00
ABBOTT INDIA LIMITED,ABBOTINDIA,₹28260.00
ADITYA BIRLA CAPITAL LTD.,ABCAPITAL,₹234.24
A B COTSPIN INDIA LIMITED,ABCOTS,₹488.00
ALLIED BLEND N DISTILS L,ABDL,₹329.35
ADITYA BIRLA FASHION & RT,ABFRL,₹345.00
BIRLASLAMC - ABGSEC,,₹345.00
A B INFRABUILD LIMITED,ABINFRA,₹86.00
ABM INTERNATIONAL LTD,ABMINTLLTD,₹54.18
ADIT BIRL SUN LIF AMC LTD,ABSLAMC,₹723.85
BIRLASLAMC - ABSLBANETF,,₹723.85
BIRLASLAMC - ABSLLIQUID,,₹723.85
BIRLASLAMC - ABSLNN50ET,,₹723.85
BIRLASLAMC-ABSLPSE,,₹723.85
ABS MARINE SERVICES LTD,ABSMARINE,₹263.00
ACC LIMITED,ACC,₹2441.95
ACCELYA SOLN INDIA LTD,ACCELYA,₹1764.00
ACCENT MICROCELL LIMITED,ACCENTMIC,₹285.00
ACCORD SYNERGY LIMITED,ACCORD,₹36.55
ACCURACY SHIPPING LIMITED,ACCURACY,₹10.15
ACTION CONST EQUIP LTD,ACE,₹1370.60
ACE INTEGRATED SOLU. LTD.,ACEINTEG,₹34.81
ARCHEAN CHEMICAL IND LTD,ACI,₹715.00
ANDHRA CEMENTS LIMITED,ACL,₹94.80
ALLCARGO GATI LIMITED,ACLGATI,₹107.85
ARVIND AND COMPANY,ACSAL,₹140.00
ADANI ENERGY SOLUTION LTD,ADANIENSOL,₹976.00
ADANI ENTERPRISES LIMITED,ADANIENT,₹3110.65
ADANI GREEN ENERGY LTD,ADANIGREEN,₹1801.15
ADANI PORT & SEZ LTD,ADANIPORTS,₹1424.80
ADANI POWER LTD,ADANIPOWER,₹641.45
ADF FOODS LIMITED,ADFFOODS,₹274.90
ARCHIDPLY DECOR LIMITED,ADL,₹101.08
ADOR WELDING LTD,ADORWELD,₹1345.10
ADROIT INFOTECH LIMITED,ADROITINFO,₹18.43
ALLIED DIGITAL SERV. LTD,ADSL,₹264.00
ADVANI HOT.& RES.(I) LTD,ADVANIHOTR,₹71.70
ADVANCED ENZYME TECH LTD,ADVENZYMES,₹494.50
AEGIS LOGISTICS LIMITED,AEGISLOG,₹729.60
AEROFLEX INDUSTRIES LTD,AEROFLEX,₹188.99
AERON COMPOSITE LIMITED,AERON,₹141.00
AESTHETIK ENGINEERS LTD,AESTHETIK,₹78.50
AETHER INDUSTRIES LIMITED,AETHER,₹939.85
AFFLE (INDIA) LIMITED,AFFLE,₹1555.00
AKME FINTRADE (INDIA) LTD,AFIL,₹105.00
AGARWAL INDS CORP LTD.,AGARIND,₹1116.15
AGI GREENPAC LIMITED,AGI,₹951.00
AGI INFRA LIMITED,AGIIL,₹1000.60
AGNI GREEN POWER LTD,AGNI,₹42.05
AGRI-TECH (INDIA) LIMITED,AGRITECH,₹212.10
AGRO PHOS INDIA LIMITED,AGROPHOS,₹44.00
AGS TRANSACT TECH LTD,AGSTRA,₹95.00
A G UNIVERSAL LIMITED,AGUL,₹61.00
ABANS HOLDINGS LIMITED,AHL,₹379.00
AHLADA ENGINEERS LIMITED,AHLADA,₹104.06
ASIAN HOTELS (EAST) LTD,AHLEAST,₹168.00
AHLUWALIA CONT IND LTD,AHLUCONT,₹1125.00
AIA ENGINEERING LIMITED,AIAENG,₹4212.30
AUTHUM INVEST & INFRA LTD,AIIL,₹1813.00
AIRAN LIMITED,AIRAN,₹35.50
AIRO LAM LIMITED,AIROLAM,₹132.00
ANI INTEGRATED SERV LTD.,AISL,₹--
AJANTA PHARMA LIMITED,AJANTPHARM,₹3340.10
AJMERA REALTY & INF I LTD,AJMERA,₹668.00
AJOONI BIOTECH LIMITED,AJOONI,₹8.00
AKASH INFRA-PROJECTS LTD,AKASH,₹38.00
AKG EXIM LIMITED,AKG,₹19.96
AKI INDIA LIMITED,AKI,₹20.38
AKIKO GLOBAL SERVICES L,AKIKO,₹75.00
AKSHAR SPINTEX LIMITED,AKSHAR,₹1.59
AKSHARCHEM INDIA LIMITED,AKSHARCHEM,₹307.05
AKSH OPTIFIBRE LIMITED,AKSHOPTFBR,₹8.55
AKUMS DRUGS AND PHARMA L,AKUMS,₹847.00
AKZO NOBEL INDIA LIMITED,AKZOINDIA,₹3771.30
ALANKIT LIMITED,ALANKIT,₹23.33
ALBERT DAVID LIMITED,ALBERTDAVD,₹1469.00
ALEMBIC LIMITED,ALEMBICLTD,₹141.95
ALICON CASTALLOY LIMITED,ALICON,₹1311.30
ALKALI METALS LTD,ALKALI,₹119.85
ALKEM LABORATORIES LTD.,ALKEM,₹6175.00
ALKYL AMINES CHEM. LTD,ALKYLAMINE,₹2290.00
ALLCARGO LOGISTICS LTD,ALLCARGO,₹63.82
ALLDIGI TECH LIMITED,ALLDIGI,₹1011.20
ALL E TECHNOLOGIES LTD,ALLETEC,₹393.60
ALMONDZ GLOBAL SEC LTD,ALMONDZ,₹30.25
ALOK INDUSTRIES LIMITED,ALOKINDS,₹25.95
ALPA LABORATORIES LTD,ALPA,₹125.10
KOTAKMAMC - KOTAKALPHA,,₹125.10
MIRAEAMC - ALPHAETF,,₹125.10
ALPHAGEO (INDIA) LIMITED,ALPHAGEO,₹458.00
ICICIPRAMC - ICICIALPLV,,₹458.00
ALPS INDUSTRIES LTD.,ALPSINDUS,₹4.12
AMBANI ORGOCHEM LIMITED,AMBANIORGO,₹80.10
AMBER ENTERPRISES (I) LTD,AMBER,₹5159.95
AMBEY LABORATORIES LTD,AMBEY,₹63.20
AMBICA AGAR & AROMAINDLTD,AMBICAAGAR,₹29.40
AMBIKA COTTON MILL LTD.,AMBIKCO,₹1661.05
AMBUJA CEMENTS LTD,AMBUJACEM,₹615.00
AMD INDUSTRIES LIMITED,AMDIND,₹72.00
AMEYA PRECISION ENG LTD,AMEYA,₹99.55
AMIABLE LOGISTICS (I) LTD,AMIABLE,₹87.00
AMI ORGANICS LIMITED,AMIORG,₹1651.50
AMJ LAND HOLDINGS LIMITED,AMJLAND,₹48.21
A AND M JUMBO BAGS LTD,AMJUMBO,₹11.80
AMINES & PLASTICIZERS LTD,AMNPLST,₹303.00
AMRUTAJAN HEALTH LTD,AMRUTANJAN,₹776.50
ANAND RATHI WEALTH LTD,ANANDRATHI,₹3872.65
ANANT RAJ LIMITED,ANANTRAJ,₹701.55
ANDHRA PAPER LIMITED,ANDHRAPAP,₹103.65
ANDHRA SUGARS LTD,ANDHRSUGAR,₹110.50
ANGEL ONE LIMITED,ANGELONE,₹2707.45
ANIK INDUSTRIES LTD,ANIKINDS,₹--
ANKIT MET & POW LTD,ANKITMETAL,₹3.74
ANMOL INDIA LIMITED,ANMOL,₹31.35
ANNAPURNA SWADISHT LTD,ANNAPURNA,₹396.50
ANTARCTICA LTD,ANTGRAPHIC,₹1.89
THE ANUP ENGINEERING LTD,ANUP,₹2653.25
ANUPAM RASAYAN INDIA LTD,ANURAS,₹746.05
APAR INDUSTRIES LTD.,APARINDS,₹9460.00
ANJANI PORTLAND CEM LTD,APCL,₹186.03
APCOTEX INDUSTRIES LIMITE,APCOTEXIND,₹418.00
APEX FROZEN FOODS LIMITED,APEX,₹240.10
APL APOLLO TUBES LTD,APLAPOLLO,₹1610.00
ALEMBIC PHARMA LTD,APLLTD,₹1261.50
APOLLO MICRO SYSTEMS LTD,APOLLO,₹101.10
APOLLO HOSPITALS ENTER. L,APOLLOHOSP,₹6801.00
APOLLO PIPES LIMITED,APOLLOPIPE,₹578.20
APOLLO TYRES LTD,APOLLOTYRE,₹511.60
APOLLO SINDOORI HOTEL LTD,APOLSINHOT,₹1942.00
APRAMEYA ENGINEERING LTD,APRAMEYA,₹60.00
APTECH LIMITED,APTECHT,₹210.00
APTUS VALUE HSG FIN I LTD,APTUS,₹340.00
ARABIAN PETROLEUM LIMITED,ARABIAN,₹92.30
ARCHIDPLY IND. LTD,ARCHIDPLY,₹126.84
ARCHIES LTD,ARCHIES,₹32.66
AMARA RAJA ENERGY MOB LTD,ARE&M,₹1382.00
RAJDARSHAN INDUSTRIES LTD,ARENTERP,₹45.99
ARHAM TECHNOLOGIES LTD,ARHAM,₹167.20
ARIES AGRO LTD.,ARIES,₹262.00
ARIHANT ACADEMY LIMITED,ARIHANTACA,₹190.05
ARIHANT CAPITAL MKTS LTD,ARIHANTCAP,₹112.00
ARIHANT SUPERSTRUCT LTD,ARIHANTSUP,₹402.25
ARISTO BIO T AND LIFESC L,ARISTO,₹116.00
ARKADE DEVELOPERS LIMITED,ARKADE,₹148.50
ARMAN FIN SERV LTD,ARMANFIN,₹1637.10
ARO GRANITE IND. LTD.,AROGRANITE,₹57.30
ARROW GREENTECH LIMITED,ARROWGREEN,₹798.85
ARSHIYA LIMITED,ARSHIYA,₹3.37
ARSS INFRA PROJ. LTD,ARSSINFRA,₹20.11
ARTEMIS MED SERVICE LTD,ARTEMISMED,₹271.55
ART NIRMAN LIMITED,ARTNIRMAN,₹61.80
ARVEE LABORATORIES I LTD,ARVEE,₹192.25
ARVIND LIMITED,ARVIND,₹347.50
ARVIND FASHIONS LIMITED,ARVINDFASN,₹572.10
ARVIND SMARTSPACES LTD,ARVSMART,₹783.40
ASAHI INDIA GLASS LIMITED,ASAHIINDIA,₹756.00
ASAHI SONGWON COLOR LTD,ASAHISONG,₹454.55
AUTOMOTIVE STAMPINGS & AS,ASAL,₹758.00
ASSO ALCOHOLS & BREW LTD,ASALCBR,₹926.25
ASHAPURA LOGISTICS LTD,ASHALOG,₹115.20
ASHAPURA MINECHEM LTD,ASHAPURMIN,₹305.20
ASHIANA HOUSING LTD,ASHIANA,₹315.00
ASHIMA LTD,ASHIMASYN,₹35.50
ASHOKA BUILDCON LTD,ASHOKA,₹246.00
ASHOKA METCAST LIMITED,ASHOKAMET,₹21.10
ASHOK LEYLAND LTD,ASHOKLEY,₹232.00
ASIAN ENERGY SERVICES LTD,ASIANENE,₹375.15
ASIAN HOTELS (NORTH) LTD,ASIANHOTNR,₹234.00
ASIAN PAINTS LIMITED,ASIANPAINT,₹3135.00
ASIAN GRANITO IND. LTD.,ASIANTILES,₹82.25
ASK AUTOMOTIVE LIMITED,ASKAUTOLTD,₹413.00
ASL INDUSTRIES LIMITED,ASLIND,₹42.00
BARTRONICS INDIA LIMITED,ASMS,₹21.71
ASPINWALL & CO LTD,ASPINWALL,₹283.40
ASPIRE & INNOVATIVE ADV L,ASPIRE,₹72.80
ASTEC LIFESCIENCES LTD,ASTEC,₹1174.05
ASTER DM HEALTHCARE LTD.,ASTERDM,₹421.00
ASTRAL LIMITED,ASTRAL,₹1897.85
ASTRA MICROWAVE LTD,ASTRAMICRO,₹853.85
ASTRAZENECA PHARMA IND LT,ASTRAZEN,₹7442.65
ASTRON PAPER BORD MIL LTD,ASTRON,₹21.99
ATAL REALTECH LIMITED,ATALREAL,₹8.80
ATAM VALVES LIMITED,ATAM,₹144.00
AGRO TECH FOODS LIMITED,ATFL,₹849.05
ADANI TOTAL GAS LIMITED,ATGL,₹770.05
ALLCARGO TERMINALS LTD,ATL,₹43.19
ATLANTAA LIMITED,ATLANTAA,₹--
ATUL LTD,ATUL,₹7690.60
ATUL AUTO LIMITED,ATULAUTO,₹649.90
AU SMALL FINANCE BANK LTD,AUBANK,₹727.00
AURANGABAD DISTILLERY LTD,AURDIS,₹382.00
AURIONPRO SOLN LTD,AURIONPRO,₹1610.25
AURO IMPEX & CHEMICALS L,AUROIMPEX,₹80.50
AUROBINDO PHARMA LTD,AUROPHARMA,₹1467.00
AURUM PROPTECH LIMITED,AURUM,₹193.93
ADITYA ULTRA STEEL LTD,AUSL,₹57.10
AUSOM ENTERPRISE LIMITED,AUSOMENT,₹125.01
AUTOMOTIVE AXLES LIMITED,AUTOAXLES,₹1899.00
NIPPONAMC - NETFAUTO,,₹1899.00
ICICIPRAMC - ICICIAUTO,,₹1899.00
AUTOLINE INDUSTRIES LTD,AUTOIND,₹121.60
AVADH SUG & ENERGY LTD,AVADHSUGAR,₹796.20
AVALON TECHNOLOGIES LTD,AVALON,₹550.60
AVANTEL LIMITED,AVANTEL,₹180.58
AVANTI FEEDS LIMITED,AVANTIFEED,₹609.20
AVG LOGISTICS LIMITED,AVG,₹441.55
AVONMORE CAP&MGT SERV LTD,AVONMORE,₹15.00
AVP INFRACON LIMITED,AVPINFRA,₹158.35
AVRO INDIA LIMITED,AVROIND,₹160.10
AVT NATURAL PRODUCTS LTD,AVTNPL,₹88.05
AWFIS SPACE SOLUTIONS LTD,AWFIS,₹673.90
ANTONY WASTE HDG CELL LTD,AWHCL,₹744.95
ADANI WILMAR LIMITED,AWL,₹345.55
AXIS BANK LIMITED,AXISBANK,₹1175.50
AXISAMC - AXISBNKETF,,₹1175.50
AXISAMC - AXISBPSETF,,₹1175.50
AXISCADES TECH LTD,AXISCADES,₹555.00
AXISAMC - AXISCETF,,₹555.00
AXIS MF - AXIS GOLD ETF,,₹555.00
AXISAMC - AXISHCETF,,₹555.00
AXISAMC - AXISILVER,,₹555.00
AXISAMC - AXISNIFTY,,₹555.00
AXISAMC - AXISTECETF,,₹555.00
AXITA COTTON LIMITED,AXITA,₹16.32
AXISAMC - AXSENSEX,,₹16.32
AYM SYNTEX LIMITED,AYMSYNTEX,₹--
AZAD ENGINEERING LIMITED,AZAD,₹1408.75
BABA FOOD PROCESSING,BABAFP,₹57.00
BAFNA PHARMACEUTICALS LTD,BAFNAPH,₹83.00
B.A.G FILMS AND MEDIA LTD,BAGFILMS,₹13.47
BAHETI RECYCLING IND LTD,BAHETI,₹375.10
BAID FINSERV LIMITED,BAIDFIN,₹15.28
BAJAJ AUTO LIMITED,BAJAJ-AUTO,₹11661.20
BAJAJ CONSUMER CARE LTD,BAJAJCON,₹239.40
BAJAJ ELECT.LTD,BAJAJELEC,₹929.30
BAJAJ FINSERV LTD.,BAJAJFINSV,₹1884.55
BAJAJ HEALTHCARE LIMITED,BAJAJHCARE,₹378.30
BAJAJ HOUSING FINANCE LTD,BAJAJHFL,₹150.60
BAJAJ HINDUSTHAN SUGAR LT,BAJAJHIND,₹41.29
BAJAJ HOLDINGS & INVS LTD,BAJAJHLDNG,₹10411.00
BAJEL PROJECTS LIMITED,BAJEL,₹285.00
BAJAJ FINANCE LIMITED,BAJFINANCE,₹7420.00
SHREE TIRUPATI BALAJEE L,BALAJEE,₹79.40
BALAJI TELEFILMS LTD.,BALAJITELE,₹63.27
BALAJI AMINES LIMITED,BALAMINES,₹2247.80
BALAXI PHARMA LTD,BALAXI,₹103.90
SOLVE PLASTIC PRODUCTS L,BALCO,₹54.55
BALKRISHNA PAPER MILLS L,BALKRISHNA,₹26.49
BALKRISHNA IND. LTD,BALKRISIND,₹2964.75
BALMER LAWRIE & CO LTD,BALMLAWRIE,₹258.30
BAL PHARMA LTD.,BALPHARMA,₹135.00
BALRAMPUR CHINI MILLS LTD,BALRAMCHIN,₹662.00
BALU FORGE INDUSTRIES LTD,BALUFORGE,₹772.20
BANARAS BEADS LTD,BANARBEADS,₹106.80
BANNARI AMMAN SUGARS LTD,BANARISUG,₹3789.95
BANCO PRODUCTS (I) LTD,BANCOINDIA,₹752.10
BANDHAN BANK LIMITED,BANDHANBNK,₹189.00
BANG OVERSEAS LTD.,BANG,₹53.01
BANKA BIOLOO LIMITED,BANKA,₹110.80
BANK OF BARODA,BANKBARODA,₹252.00
NIP IND ETF BANK BEES,,₹252.00
BFAM - BANKBETF,,₹252.00
MIRAEAMC - BANKETF,,₹252.00
DSPAMC - DSPBANKETF,,₹252.00
ICICIPRAMC - IPRU5008,,₹252.00
BANK OF INDIA,BANKINDIA,₹109.29
KOTAKMAMC-KOTAKBKETF,,₹109.29
BANSAL WIRE INDUSTRIES L,BANSALWIRE,₹428.80
BANSWARA SYNTEX LIMITED,BANSWRAS,₹138.00
BARBEQUE NATION HOSP. LTD,BARBEQUE,₹641.25
BASF INDIA LTD,BASF,₹8119.00
BANNARI AM SPIN MILL LTD.,BASML,₹57.06
BATA INDIA LTD,BATAINDIA,₹1373.00
BAWEJA STUDIOS LIMITED,BAWEJA,₹76.70
BAYER CROPSCIENCE LTD,BAYERCROP,₹6740.00
EDELAMC - BBETF0432,,₹6740.00
BHARAT BIJLEE LTD,BBL,₹4680.00
BARODABNP - BBNPNBETF,,₹4680.00
BARODABNP - BBNPPGOLD,,₹4680.00
BLACK BOX LIMITED,BBOX,₹483.25
BOMBAY BURMAH TRADING COR,BBTC,₹2783.50
B&B TRIPLEWALL CONT LTD,BBTCL,₹229.00
BCL INDUSTRIES LIMITED,BCLIND,₹57.71
BRAND CONCEPTS LIMITED,BCONCEPTS,₹639.00
BHARAT DYNAMICS LIMITED,BDL,₹1124.95
BEACON TRUSTEESHIP LTD,BEACON,₹117.50
BEARDSELL LIMITED,BEARDSELL,₹48.00
MRS BECTORS FOOD SPE LTD,BECTORFOOD,₹1850.00
BEDMUTHA INDUST LTD,BEDMUTHA,₹214.06
BHARAT ELECTRONICS LTD,BEL,₹278.70
BEML LIMITED,BEML,₹3674.95
BHANSALI ENG. POLYMERS LT,BEPL,₹149.00
BERGER PAINTS (I) LTD,BERGEPAINT,₹576.90
BEST AGROLIFE LIMITED,BESTAGRO,₹551.35
BETA DRUGS LIMITED,BETA,₹1635.00
BEW ENGINEERING LIMITED,BEWLTD,₹1397.00
BF INVESTMENT LIMITED,BFINVEST,₹630.95
MIRAEAMC - MAFSETF,,₹630.95
BF UTILITIES LIMITED,BFUTILITIE,₹1036.10
BGR ENERGY SYSTEMS LTD,BGRENERGY,₹51.40
BHAGIRADHA CHEM & INDS L,BHAGCHEM,₹350.00
BHAGERIA INDUSTRIES LTD,BHAGERIA,₹238.43
BHAGYANAGAR INDIA LIMITED,BHAGYANGR,₹104.00
BHANDARI HOSIERY EXP LTD,BHANDARI,₹6.64
BHARAT FORGE LTD,BHARATFORG,₹1477.95
BHARAT GEARS LTD.,BHARATGEAR,₹103.20
BHARAT RASAYAN LTD,BHARATRAS,₹11400.00
BHARAT WIRE ROPES LTD.,BHARATWIRE,₹264.65
BHARTI AIRTEL LIMITED,BHARTIARTL,₹1670.05
BHARTI HEXACOM LIMITED,BHARTIHEXA,₹1399.95
BHEL,BHEL,₹269.50
BIGBLOC CONSTRUCTION LTD,BIGBLOC,₹117.66
BIKAJI FOODS INTERN LTD,BIKAJI,₹901.95
BHARTIYA INTERNATIONAL,BIL,₹625.55
BINANI INDUSTRIES LTD,BINANIIND,₹17.92
BIOCON LIMITED.,BIOCON,₹346.55
BIOFIL CHEM & PHARMA LTD,BIOFILCHEM,₹78.50
BIRLA CABLE LIMITED,BIRLACABLE,₹247.60
BIRLA CORPORATION LTD,BIRLACORPN,₹1248.70
ADITYA BIRLA MONEY LTD,BIRLAMONEY,₹146.79
BEML LAND ASSETS LIMITED,BLAL,₹235.00
BLB LIMITED,BLBLIMITED,₹20.19
BLISS GVS PHARMA LTD,BLISSGVS,₹131.25
B.L.KASHYAP & SON LTD,BLKASHYAP,₹92.35
BLS INTL SERVS LTD,BLS,₹357.95
BLS E-SERVICES LIMITED,BLSE,₹219.02
BLUE CHIP INDIA LIMITED,BLUECHIP,₹6.45
BLUE COAST HOTELS LIMITED,BLUECOAST,₹10.52
BLUE DART EXPRESS LTD,BLUEDART,₹8355.00
BLUE JET HEALTHCARE LTD,BLUEJET,₹500.75
BLUE PEBBLE LIMITED,BLUEPEBBLE,₹274.80
BLUE STAR LIMITED,BLUESTARCO,₹2122.60
BOMBAY METRICS S C LTD,BMETRICS,₹71.55
BODAL CHEMICALS LTD,BODALCHEM,₹83.76
BOMBAY DYEING & MFG. CO L,BOMDYEING,₹233.02
BOROSIL LIMITED,BOROLTD,₹410.00
BOROSIL RENEWABLES LTD,BORORENEW,₹478.00
BOROSIL SCIENTIFIC LTD,BOROSCI,₹184.90
BOSCH LIMITED,BOSCHLTD,₹37150.00
BOSS PACKAGING SOLU LTD,BOSS,₹66.00
BHARAT PETROLEUM CORP  LT,BPCL,₹342.00
BPL LTD,BPL,₹105.00
BRACE PORT LOGISTICS LTD,BRACEPORT,₹107.00
BRIGADE ENTER. LTD,BRIGADE,₹1376.90
BRITANNIA INDUSTRIES LTD,BRITANNIA,₹6222.65
BHARAT ROAD NETWORK LTD,BRNL,₹46.56
BROOKS LAB LIMITED,BROOKS,₹145.04
BSE LIMITED,BSE,₹4190.00
ICICIPRAMC - ICICI500,,₹4190.00
BOMBAY SUPER HYBRID SEEDS,BSHSL,₹170.00
BSL LTD,BSL,₹214.12
ADITYBIRLA SL GOLD ETF-GR,,₹214.12
ADITYBIRLA SL NIF ETF-GR,,₹214.12
BIRLASLAMC - BSLSENETFG,,₹214.12
BIRLASOFT LIMITED,BSOFT,₹588.05
BODHI TREE MULTIMEDIA LTD,BTML,₹11.61
BULKCORP INTERNATIONAL L,BULKCORP,₹124.00
BURNPUR CEMENT LTD.,BURNPUR,₹6.95
BTRFLY GANDHI APPL LTD,BUTTERFLY,₹971.40
BARAK VALLEY CEM. LTD.,BVCL,₹61.00
THE BYKE HOSPITALITY LTD,BYKE,₹71.00
CADSYS (INDIA) LIMITED,CADSYS,₹138.00
CALIFORNIA SOFTWARE CO LT,CALSOFT,₹23.40
CAMLIN FINE SCIENCES LTD,CAMLINFINE,₹102.52
CAMPUS ACTIVEWEAR LIMITED,CAMPUS,₹332.00
COMPUTER AGE MNGT SER LTD,CAMS,₹4266.00
CANARA BANK,CANBK,₹108.24
CAN FIN HOMES LTD,CANFINHOME,₹852.05
CANTABIL RETAIL LTD,CANTABIL,₹238.64
CAPACITE INFRAPROJECT LTD,CAPACITE,₹380.90
CAPITAL SMALL FIN BANK L,CAPITALSFB,₹294.85
CAPLIN POINT LAB LTD.,CAPLIPOINT,₹1979.10
CAPITAL TRUST LIMITED,CAPTRUST,₹136.00
CARBORUNDUM UNIVERSAL LTD,CARBORUNIV,₹1465.00
CAREER POINT LIMITED,CAREERP,₹482.00
CARE RATINGS LIMITED,CARERATING,₹1040.00
CARTRADE TECH LIMITED,CARTRADE,₹933.00
CARYSIL LIMITED,CARYSIL,₹766.10
CASTROL INDIA LIMITED,CASTROLIND,₹230.40
NET AVENUE TECHNOLOGIES L,CBAZAAR,₹14.40
CONS. CONST. CONSORT LTD,CCCL,₹--
COUNTRY CLUB HOSP HOL LTD,CCHHL,₹21.64
CCL PRODUCTS (I) LTD,CCL,₹679.00
CENTRAL DEPO SER (I) LTD,CDSL,₹1385.00
CEAT LIMITED,CEATLTD,₹3059.95
CEIGALL INDIA LIMITED,CEIGALL,₹390.20
CELEBRITY FASHIONS LTD,CELEBRITY,₹16.44
CELLECOR GADGETS LIMITED,CELLECOR,₹54.55
CELLO WORLD LIMITED,CELLO,₹893.05
CELL POINT (INDIA) LTD,CELLPOINT,₹34.10
CENTURY ENKA LTD,CENTENKA,₹669.45
CENTURY EXTRUSIONS LTD,CENTEXT,₹23.46
CENTRAL BANK OF INDIA,CENTRALBK,₹58.00
CENTRUM CAPITAL LIMITED,CENTRUM,₹34.49
CENTUM ELECTRONICS LTD,CENTUM,₹1855.00
CENTURY PLYBOARDS (I) LTD,CENTURYPLY,₹882.85
CENTURY TEXTILES LTD,CENTURYTEX,₹2764.90
CERA SANITARYWARE LTD,CERA,₹8146.50
CEREBRA INT TECH LTD,CEREBRAINT,₹--
CESC LTD,CESC,₹195.00
CAPRI GLOBAL CAPITAL LTD,CGCL,₹202.70
CG POWER AND IND SOL LTD,CGPOWER,₹738.10
CREATIVE GRAPHICS S IND L,CGRAPHICS,₹173.50
CHALET HOTELS LIMITED,CHALET,₹855.15
CHAMBAL FERTILIZERS LTD,CHAMBLFERT,₹529.75
CHAVDA INFRA LIMITED,CHAVDA,₹184.70
CHEMBOND CHEMICALS LTD,CHEMBOND,₹585.80
CHEMCON SPECIAL CHEM LTD,CHEMCON,₹264.00
CHEMFAB ALKALIS LIMITED,CHEMFAB,₹1015.00
CHEMPLAST SANMAR LIMITED,CHEMPLASTS,₹497.80
CHENNAI PETROLEUM CORP LT,CHENNPETRO,₹916.00
CHETANA EDUCATION LIMITED,CHETANA,₹86.35
CHEVIOT COMPANY LIMITED,CHEVIOT,₹1393.90
CHOICE INTERNATIONAL LTD,CHOICEIN,₹474.00
CHOLAMANDALAM IN & FIN CO,CHOLAFIN,₹1516.25
CHOLAMANDALAM FIN HOL LTD,CHOLAHLDNG,₹2001.30
CIE AUTOMOTIVE INDIA LTD,CIEINDIA,₹566.95
CIGNITI TECHNOLOGIES LTD,CIGNITITEC,₹1384.00
CINELINE INDIA LIMITED,CINELINE,₹117.08
CINEVISTA LIMITED,CINEVISTA,₹20.46
CIPLA LTD,CIPLA,₹1623.00
CLEAN SCIENCE & TECH LTD,CLEAN,₹1584.10
CL EDUCATE LIMITED,CLEDUCATE,₹115.00
CHAMAN LAL SETIA EXP LTD,CLSEL,₹321.95
CROP LIFE SCIENCE LIMITED,CLSL,₹52.10
CHAMAN METALLICS LIMITED,CMNL,₹117.00
CYBER MEDIA RES & SER LTD,CMRSL,₹98.60
CMS INFO SYSTEMS LIMITED,CMSINFO,₹585.05
COAL INDIA LTD,COALINDIA,₹499.60
COASTAL CORPORATION LTD,COASTCORP,₹241.50
COCHIN SHIPYARD LIMITED,COCHINSHIP,₹1670.45
COFFEE DAY ENTERPRISE LTD,COFFEEDAY,₹36.62
COFORGE LIMITED,COFORGE,₹7194.45
COLGATE PALMOLIVE LTD.,COLPAL,₹3840.00
COMMITTED CARGO CARE LTD,COMMITTED,₹54.20
ICICIPRAMC - ICICICOMMO,,₹54.20
COMPUCOM SOFTWARE LTD,COMPUSOFT,₹31.22
COMMERCIAL SYN BAGS LTD,COMSYN,₹66.92
CONTAINER CORP OF IND LTD,CONCOR,₹885.00
CONCORD BIOTECH LIMITED,CONCORDBIO,₹1925.00
CONFIDENCE PETRO IND LTD.,CONFIPET,₹83.20
KOTAKMAMC - KOTAKCONS,,₹83.20
CONSO. FIN. & HOLD. LTD.,CONSOFINVT,₹210.10
NIP IND ETF CONSUMPTION,,₹210.10
ICICIPRAMC - ICICICONSU,,₹210.10
CONTROL PRINT LIMITED,CONTROLPR,₹804.50
COOL CAPS INDUSTRIES LTD,COOLCAPS,₹854.90
CORAL INDIA FIN & HOUS LT,CORALFINAC,₹53.30
CORDS CABLE INDUS LTD.,CORDSCABLE,₹214.99
COROMANDEL INTERNTL. LTD,COROMANDEL,₹1654.10
COSMO FIRST LIMITED,COSMOFIRST,₹763.00
COUNTRY CONDO S LIMITED,COUNCODOS,₹7.20
C P S SHAPERS LIMITED,CPS,₹354.35
CPSE ETF,,₹354.35
CRAFTSMAN AUTOMATION LTD,CRAFTSMAN,₹6390.00
CRAYONS ADVERTISING LTD,CRAYONS,₹128.00
CREATIVE NEWTECH LIMITED,CREATIVE,₹840.10
CREATIVE EYE LIMITED,CREATIVEYE,₹6.00
CREDITACCESS GRAMEEN LTD,CREDITACC,₹1160.00
CREST VENTURES LIMITED,CREST,₹519.85
CRISIL LTD,CRISIL,₹4399.00
CROMPT GREA CON ELEC LTD,CROMPTON,₹428.85
CROWN LIFTERS LIMITED,CROWN,₹254.00
CSB BANK LIMITED,CSBBANK,₹316.55
CSL FINANCE LIMITED,CSLFINANCE,₹419.60
CAMBRIDGE TECH ENTER LTD,CTE,₹--
CITY UNION BANK LTD,CUB,₹161.05
CUBEX TUBINGS LTD,CUBEXTUB,₹100.00
CUMMINS INDIA LTD,CUMMINSIND,₹3580.35
CUPID LIMITED,CUPID,₹79.60
CYBER MEDIA (INDIA) LTD.,CYBERMEDIA,₹27.74
CYBERTECH SYSTEMS & SOFTW,CYBERTECH,₹227.30
CYIENT LIMITED,CYIENT,₹1884.85
CYIENT DLM LIMITED,CYIENTDLM,₹686.45
DABUR INDIA LTD,DABUR,₹584.75
DALMIA BHARAT LIMITED,DALBHARAT,₹1958.00
DALMIA BHARAT SUG IN LTD,DALMIASUG,₹565.90
DAMODAR INDUSTRIES LTD,DAMODARIND,₹44.90
DANGEE DUMS LIMITED,DANGEE,₹8.18
DATAMATICS GLOBAL SER LTD,DATAMATICS,₹598.80
DATA PATTERNS INDIA LTD,DATAPATTNS,₹2339.00
DAVANGERE SUGAR COMPANY L,DAVANGERE,₹6.85
D.B.CORP LTD,DBCORP,₹326.85
DILIP BUILDCON LIMITED,DBL,₹517.80
DHAMPUR BIO ORGANICS LTD,DBOL,₹151.90
VALOR ESTATE LIMITED,DBREALTY,₹182.25
DB (INT) STOCK BROKERS,DBSTOCKBRO,₹45.55
DISHMAN CARBO AMCIS LTD,DCAL,₹175.74
DCB BANK LIMITED,DCBBANK,₹118.10
DC INFOTECH AND COMUN LTD,DCI,₹404.95
DCM LIMITED,DCM,₹86.20
DCM FINANCIAL SERVICES LT,DCMFINSERV,₹7.99
DCM NOUVELLE LIMITED,DCMNVL,₹208.86
DCM SHRIRAM LIMITED,DCMSHRIRAM,₹1027.40
DCM SHRIRAM IND LTD,DCMSRIND,₹198.50
DCW LTD,DCW,₹101.96
DCX SYSTEMS LIMITED,DCXINDIA,₹322.00
DECCAN CEMENTS LIMITED,DECCANCE,₹618.95
DEE DEVELOPMENT ENG LTD,DEEDEV,₹266.55
DEEM ROLL TECH LIMITED,DEEM,₹98.70
DEEPAK FERTILIZERS & PETR,DEEPAKFERT,₹1125.75
DEEPAK NITRITE LTD,DEEPAKNTR,₹2877.90
DEEP INDUSTRIES LIMITED,DEEPINDS,₹434.65
DELAPLEX LIMITED,DELAPLEX,₹235.50
DELHIVERY LIMITED,DELHIVERY,₹410.95
DELPHI WORLD MONEY LTD,DELPHIFX,₹252.50
DELTA CORP LIMITED,DELTACORP,₹126.99
DELTA MANUFACTURING LTD,DELTAMAGNT,₹97.00
DEN NETWORKS LTD,DEN,₹52.70
DE NEERS TOOLS LIMITED,DENEERS,₹229.00
DE NORA INDIA LIMITED,DENORA,₹1500.00
VASA DENTICITY LIMITED,DENTALKART,₹671.00
DEV INFO TECHNOLOGY LTD,DEVIT,₹159.10
DEVYANI INTERNATIONAL LTD,DEVYANI,₹179.39
DIGICONTENT LIMITED,DGCONTENT,₹39.80
DHAMPUR SUGAR MILLS LTD.,DHAMPURSUG,₹226.70
DHANLAXMI BANK LIMITED,DHANBANK,₹36.40
DHANI SERVICES LIMITED,DHANI,₹51.32
DHANUKA AGRITECH LTD,DHANUKA,₹1547.95
DHARIWALCORP LIMITED,DHARIWAL,₹155.00
DHARMAJ CROP GUARD LTD,DHARMAJ,₹316.60
DHRUV CONSULTANCY SER LTD,DHRUV,₹--
DHUNSERI INVESTMENTS LTD,DHUNINV,₹2329.50
DIAMOND POWER INFRA LTD,DIACABS,₹1407.00
DIAMINES & CHEMICALS LTD,DIAMINESQ,₹537.70
PRATAAP SNACKS LIMITED,DIAMONDYD,₹1059.40
DIC INDIA LIMITED,DICIND,₹729.00
DIFFUSION ENGINEERS LTD,DIFFNKG,₹213.32
DIGIDRIVE DISTRIBUTORS L,DIGIDRIVE,₹46.67
DIGISPICE TECHNOLOGIES LT,DIGISPICE,₹33.31
DIGJAM LTD,DIGJAMLMTD,₹90.20
DEBOCK INDUSTRIES LIMITED,DIL,₹5.84
DISH TV INDIA LTD.,DISHTV,₹15.00
DIVGI TORQTRANSFER SYST L,DIVGIITTS,₹586.00
DIVI S LABORATORIES LTD,DIVISLAB,₹5448.00
NIP IND ETF DIV OPP,,₹5448.00
DIXON TECHNO (INDIA) LTD,DIXON,₹13740.00
DJ MEDIAPRINT & LOG LTD,DJML,₹121.01
D K ENTERPRISES GLOBAL L,DKEGL,₹65.00
DLF LIMITED,DLF,₹848.45
D-LINK INDIA LTD,DLINKINDIA,₹582.10
AVENUE SUPERMARTS LIMITED,DMART,₹4741.00
DMCC SPECIALITY CHEMICALS,DMCC,₹269.00
DILIGENT MEDIA CORP LTD.,DNAMEDIA,₹5.25
DODLA DAIRY LIMITED,DODLA,₹1187.35
DOLAT ALGOTECH LIMITED,DOLATALGO,₹140.50
DOLLAR INDUSTRIES LIMITED,DOLLAR,₹526.10
DOLLEX AGROTECH LIMITED,DOLLEX,₹45.60
DOLPHIN OFF ENT (IND) L,DOLPHIN,₹604.25
DOMS INDUSTRIES LIMITED,DOMS,₹2560.00
DONEAR IND. LIMITED,DONEAR,₹116.88
D. P. ABHUSHAN LIMITED,DPABHUSHAN,₹1629.95
DIVINE POWER ENERGY LTD,DPEL,₹70.20
DPSC LIMITED,DPSCLTD,₹18.65
D P WIRES LIMITED,DPWIRES,₹405.00
DRC SYSTEMS INDIA LIMITED,DRCSYSTEMS,₹24.57
DREAMFOLKS SERVICES LTD,DREAMFOLKS,₹466.45
DREDGING CORP OF INDIA,DREDGECORP,₹1029.90
DHANUKA REALTY LIMITED,DRL,₹15.00
DR. REDDY S LABORATORIES,DRREDDY,₹6683.55
DRS DILIP ROADLINES LTD.,DRSDILIP,₹79.80
DYNACONS SYS & SOLN LTD,DSSL,₹1321.45
DHUNSERI TEA & IND. LTD.,DTIL,₹297.70
DIENSTEN TECH LIMITED,DTL,₹142.25
DUCON INFRATECHNOLOGIES L,DUCON,₹9.06
DUDIGITAL GLOBAL LIMITED,DUGLOBAL,₹67.50
DURLAX TOP SURFACE LTD,DURLAX,₹63.15
DHUNSERI VENTURES LIMITED,DVL,₹486.00
DWARIKESH SUGAR IND LTD,DWARKESH,₹75.33
DYNAMIC CABLES LIMITED,DYCL,₹521.05
DYNAMATIC TECHNOLOGIES,DYNAMATECH,₹7819.95
DYNAMIC SRVCS & SEC LTD,DYNAMIC,₹341.95
DYNEMIC PRODUCTS LIMITED,DYNPRO,₹388.00
E2E NETWORKS LIMITED,E2E,₹2950.00
EASY TRIP PLANNERS LTD,EASEMYTRIP,₹33.46
EDELAMC - EBANKNIFTY,,₹33.46
EDELAMC - EBBETF0425,,₹33.46
EDELAMC - EBBETF0430,,₹33.46
EDELAMC - EBBETF0431,,₹33.46
EDELAMC - EBBETF0433,,₹33.46
ECLERX SERVICES LTD,ECLERX,₹3024.00
ECOS (INDIA) MOB & HOSP L,ECOSMOBLTY,₹470.00
EDELWEISS FIN SERV LTD,EDELWEISS,₹132.10
E FACTOR EXPERIENCES LTD,EFACTOR,₹234.00
EFFWA INFRA & RESEARCH L,EFFWA,₹270.35
ELECTRO FORCE (INDIA) LTD,EFORCE,₹69.00
EDELAMC - EGOLD,,₹69.00
EICHER MOTORS LTD,EICHERMOT,₹4748.80
EID PARRY INDIA LTD,EIDPARRY,₹847.00
EURO (I) FRESH FOODS LTD,EIFFL,₹205.00
EIH ASSOCIATED HOTELS LTD,EIHAHOTELS,₹392.95
EIH LIMITED,EIHOTEL,₹383.65
EIMCO ELECON (INDIA) LTD,EIMCOELECO,₹2958.90
EVEREST KANTO CYLINDERLTD,EKC,₹192.10
ELDECO HSG & IND LTD.,ELDEHSG,₹887.00
ELECON ENG. CO. LTD,ELECON,₹675.45
ELECTROSTEEL CASTINGS LTD,ELECTCAST,₹205.95
ELECTROTHERM (I) LTD.,ELECTHERM,₹--
ELGI EQUIPMENTS LTD,ELGIEQUIP,₹682.70
ELGI RUBBER CO. LTD,ELGIRUBCO,₹95.99
ELIN ELECTRONICS LIMITED,ELIN,₹228.95
EMAMI LIMITED,EMAMILTD,₹740.10
EMAMI PAPER MILLS LIMITED,EMAMIPAP,₹114.99
EMAMI REALTY LIMITED,EMAMIREAL,₹117.00
EQUINOX INDIA DEV LTD,EMBDL,₹124.05
EMCURE PHARMACEUTICALS L,EMCURE,₹1403.00
ELECTRONICS MART IND LTD,EMIL,₹215.68
EMKAY GLOBAL FIN SERV LTD,EMKAY,₹255.00
EMKAY TAP & CUT. TOOL LTD,EMKAYTOOLS,₹911.00
EMMBI INDUSTRIES LIMITED,EMMBI,₹131.25
ENERGY MISSION MACH IND L,EMMIL,₹467.00
EMS LIMITED,EMSLIMITED,₹789.65
EMUDHRA LIMITED,EMUDHRA,₹873.00
ENDURANCE TECHNO. LTD.,ENDURANCE,₹2270.00
ENERGY DEVE. CO.LTD,ENERGYDEV,₹23.90
ENGINEERS INDIA LTD,ENGINERSIN,₹205.24
ENTERTAIN NET. IND. LTD.,ENIL,₹222.00
ENSER COMMUNICATIONS LTD,ENSER,₹291.70
ENTERO HEALTHCARE SOLU L,ENTERO,₹1368.65
EPACK DURABLE LIMITED,EPACK,₹395.50
EPIGRAL LIMITED,EPIGRAL,₹2295.00
EPL LIMITED,EPL,₹267.50
DSPAMC - DSPNEWETF,,₹267.50
EQUIPPP SOC IMP TECH LTD,EQUIPPP,₹22.35
EQUITAS SMALL FIN BNK LTD,EQUITASBNK,₹75.00
ERIS LIFESCIENCES LIMITED,ERIS,₹1330.00
EROS INTL MEDIA LTD,EROSMEDIA,₹22.68
ESAB INDIA LTD,ESABINDIA,₹6102.20
ESAF SMALL FINANCE BANK L,ESAFSFB,₹45.30
ESCORTS KUBOTA LIMITED,ESCORTS,₹4024.90
ESSEN SPECIALITY FILMS L,ESFL,₹470.00
MIRAEAMC - MAESGETF,,₹470.00
EDELAMC - ESILVER,,₹470.00
ESPRIT STONES LIMITED,ESPRIT,₹97.85
ESSAR SHIPPING LTD,ESSARSHPNG,₹40.11
INTEGRA ESSENTIA LIMITED,ESSENTIA,₹3.72
ESTER INDUSTRIES LTD,ESTER,₹148.00
ETHOS LIMITED,ETHOSLTD,₹3300.00
EUREKA FORBES LIMITED,EUREKAFORB,₹564.90
EURO PANEL PRODUCTS LTD,EUROBOND,₹190.35
EUROTEX INDUSTRIES LTD,EUROTEXIND,₹18.86
EVEREADY INDS. IND.  LTD.,EVEREADY,₹459.65
EVEREST INDUSTRIES LTD,EVERESTIND,₹1036.95
MIRAEAMC - EVINDIA,,₹1036.95
EXCEL REALTY N INFRA LTD,EXCEL,₹0.74
EXCEL INDUSTRIES LTD,EXCELINDUS,₹1505.00
EXCELLENT WIRES N PACK L,EXCELLENT,₹73.25
EXICOM TELE SYSTEMS LTD,EXICOM,₹316.00
EXIDE INDUSTRIES LTD,EXIDEIND,₹505.00
EXPLEO SOLUTIONS LIMITED,EXPLEOSOL,₹1290.10
EXXARO TILES LIMITED,EXXARO,₹94.50
FACT LTD,FACT,₹896.00
FAIRCHEM ORGANICS LIMITED,FAIRCHEMOR,₹1213.20
FALCON TECHNOPROJ IND LTD,FALCONTECH,₹50.50
FAZE THREE LIMITED,FAZE3Q,₹456.90
FINEOTEX CHEMICAL LIMITED,FCL,₹417.45
FUTURE CONSUMER LIMITED,FCONSUMER,₹0.58
FCS SOFTWARE SOLN. LTD.,FCSSOFT,₹3.50
FDC LIMITED,FDC,₹530.55
FEDERAL BANK LTD,FEDERALBNK,₹193.30
FEDBANK FINANCIAL SER L,FEDFINA,₹115.95
FUTURE ENTERPRISES LTD,FELDVR,₹5.49
FELIX INDUSTRIES LTD.,FELIX,₹279.85
FIBERWEB INDIA LIMITED,FIBERWEB,₹43.10
FIDEL SOFTECH LIMITED,FIDEL,₹134.50
FIEM INDUSTRIES LIMITED,FIEMIND,₹1640.00
FILATEX INDIA LTD,FILATEX,₹59.87
FILATEX FASHIONS LIMITED,FILATFASH,₹0.81
FINOLEX CABLES LTD,FINCABLES,₹1384.00
FINE ORGANIC IND. LTD.,FINEORG,₹5106.90
ICICIPRAMC-ICICIFIN,,₹5106.90
FINO PAYMENTS BANK LTD,FINOPB,₹400.70
FINOLEX INDUSTRIES LTD,FINPIPE,₹274.95
BRAINBEES SOLUTIONS LTD,FIRSTCRY,₹647.30
FIVE-STAR BUS FIN LTD,FIVESTAR,₹815.05
FLAIR WRITING INDUST LTD,FLAIR,₹302.10
FLEXITUFF VENTURES INT L,FLEXITUFF,₹82.85
GUJARAT FLUOROCHEM LTD,FLUOROCHEM,₹4055.00
ICICIPRAMC - ICICIFMCG,,₹4055.00
FEDERAL-MOGUL GOETZE (IND,FMGOETZE,₹422.60
FUTURE MKT NETWORKS LTD,FMNL,₹--
FOCE INDIA LIMITED,FOCE,₹1700.00
FOCUS LIGHTG & FIXTRS LTD,FOCUS,₹132.00
FONEBOX RETAIL LIMITED,FONEBOX,₹186.00
FOODS & INNS LIMITED,FOODSIN,₹134.69
FORCAS STUDIO LIMITED,FORCAS,₹119.00
FORCE MOTORS LIMITED,FORCEMOT,₹7399.10
FORTIS HEALTHCARE LTD,FORTIS,₹593.20
FOSECO INDIA LTD,FOSECOIND,₹4618.90
FROG CELLSAT LIMITED,FROG,₹315.00
FIRSTSOURCE SOLU. LTD.,FSL,₹308.25
FUSION FINANCE LIMITED,FUSION,₹241.99
GABRIEL INDIA LTD,GABRIEL,₹485.65
GUJARAT AMBUJA EXPORTS LT,GAEL,₹127.60
GAIL (INDIA) LTD,GAIL,₹241.45
GAJANAND INTERNATIONAL L,GAJANAND,₹26.00
GALA PRECISION ENG LTD,GALAPREC,₹769.70
GALAXY SURFACTANTS LTD,GALAXYSURF,₹2952.00
GALLANTT ISPAT LIMITED,GALLANTT,₹361.00
GANDHAR OIL REFINE IND L,GANDHAR,₹207.00
GANDHI SPL. TUBES LTD,GANDHITUBE,₹815.50
GANESHA ECOSPHERE LIMITED,GANECOS,₹1942.05
GANESH BENZOPLAST LIMITED,GANESHBE,₹144.71
GANESH HOUSING CORP LTD,GANESHHOUC,₹818.50
GANGA FORGING LIMITED,GANGAFORGE,₹7.85
GANGES SECURITIES LIMITED,GANGESSECU,₹173.65
GARWARE TECH FIBRES LTD,GARFIBRES,₹3949.00
GACM TECHNOLOGIES LIMITED,GATECH,₹0.78
GACM TECHNOLOGIES LIMITED,GATECHDVR,₹0.99
GATEWAY DISTRIPARKS LTD,GATEWAY,₹90.48
GAYATRI HIGHWAYS LIMITED,GAYAHWS,₹1.29
GEECEE VENTURES LIMITED,GEECEE,₹411.70
GEEKAY WIRES LIMITED,GEEKAYWIRE,₹108.02
GENERIC ENG CONS PROJ LTD,GENCON,₹41.20
GENESYS INTL CORPN LTD,GENESYS,₹765.70
GENSOL ENGINEERING LTD,GENSOL,₹838.95
GENUS P&B LIMITED,GENUSPAPER,₹25.50
GENUS POWER INFRASTRU LTD,GENUSPOWER,₹385.00
GEOJIT FINANCIAL SER L,GEOJITFSL,₹147.49
GE POWER INDIA LIMITED,GEPIL,₹382.00
THE GE SHPG.LTD,GESHIP,₹1235.00
GE T&D INDIA LIMITED,GET&D,₹1628.95
GFL LIMITED,GFLLIMITED,₹90.32
GRAND FOUNDRY LTD,GFSTEELS,₹6.90
GANESH GREEN BHARAT LTD,GGBL,₹395.50
GHCL LIMITED,GHCL,₹673.00
GHCL TEXTILES LIMITED,GHCLTEXTIL,₹99.75
GIC HOUSING FINANCE LTD,GICHSGFIN,₹230.60
GLOBE INTL CARRIERS LTD,GICL,₹66.50
GENERAL INS CORP OF INDIA,GICRE,₹385.95
GILLANDERS ARBUTHNOT LTD,GILLANDERS,₹96.31
GILLETTE INDIA LTD,GILLETTE,₹8570.60
RELCAPAMC - NETFGILT5Y,,₹8570.60
GINNI FILAMENTS LTD,GINNIFILA,₹29.77
GUJ IND POW CO. LTD,GIPCL,₹231.30
GIRIRAJ CIVIL DEVP LTD,GIRIRAJ,₹--
GKW LIMITED,GKWLIMITED,₹3086.90
GLAND PHARMA LIMITED,GLAND,₹1751.95
GLAXOSMITHKLINE PHARMA LT,GLAXO,₹2736.20
GLENMARK PHARMACEUTICALS,GLENMARK,₹1670.95
GUJARAT LEASE FINANCING L,GLFL,₹6.85
GLOBAL EDUCATION LIMITED,GLOBAL,₹183.46
GLOBALE TESSILE LIMITED,GLOBALE,₹36.70
GLOBAL PET INDUSTRIES LTD,GLOBALPET,₹116.00
GLOBAL VEC HELICORP LTD,GLOBALVECT,₹--
GLOBE TEXTILES (I) LTD.,GLOBE,₹5.00
GLOBUS SPIRITS LTD,GLOBUSSPR,₹1179.00
GLOSTER LIMITED,GLOSTERLTD,₹747.60
GLENMARK LIFE SCIENCE LTD,GLS,₹1125.00
G M BREWERIES LTD,GMBREW,₹873.10
GUJARAT MINERAL DEV CORP,GMDCLTD,₹347.00
GMM PFAUDLER LIMITED,GMMPFAUDLR,₹1412.00
GMR AIRPORTS INFRA LTD,GMRINFRA,₹90.09
GMR POW AND URBAN INFRA L,GMRP&UI,₹146.50
GNA AXLES LIMITED,GNA,₹439.25
GUJ NAR VAL FER & CHEM L,GNFC,₹648.35
GOA CARBON LIMITED,GOACARBON,₹792.90
GOCL CORPORATION LIMITED,GOCLCORP,₹411.00
GO FASHION INDIA LTD,GOCOLORS,₹1342.00
GODFREY PHILLIPS INDIA LT,GODFRYPHLP,₹6590.00
GODHA CABCON INSULAT LTD,GODHA,₹0.85
GO DIGIT GENERAL INS LTD,GODIGIT,₹377.00
GODREJ AGROVET LIMITED,GODREJAGRO,₹745.20
GODREJ CONSUMER PRODUCTS,GODREJCP,₹1348.00
GODREJ INDUSTRIES LTD,GODREJIND,₹1113.35
GODREJ PROPERTIES LTD,GODREJPROP,₹2926.00
GOKALDAS EXPORTS LTD.,GOKEX,₹911.10
GOKUL REFOILS & SOLV LTD,GOKUL,₹50.70
GOKUL AGRO RESOURCES LTD,GOKULAGRO,₹271.15
KOTAK GOLD ETF,,₹271.15
NIP IND ETF GOLD BEES,,₹271.15
ZERODHAAMC - GOLDCASE,,₹271.15
MIRAEAMC - MAGOLDETF,,₹271.15
DSPAMC - DSPGOLDETF,,₹271.15
GOLDIAM INTERNATIONAL LTD,GOLDIAM,₹349.00
ICICI PRUDENTIAL GOLD ETF,,₹349.00
UTI GOLD ETF,,₹349.00
GOLDSTAR POWER LIMITED,GOLDSTAR,₹12.35
AION-TECH SOLUTIONS LTD,GOLDTECH,₹98.20
GOODLUCK INDIA LIMITED,GOODLUCK,₹1120.10
GOPAL SNACKS LIMITED,GOPAL,₹408.00
GOYAL ALUMINIUMS LIMITED,GOYALALUM,₹10.02
GOYAL SALT LIMITED,GOYALSALT,₹211.95
GP ECO SOLUTIONS INDIA L,GPECO,₹262.00
GODAWARI POW & ISP LTD,GPIL,₹206.40
GUJARAT PIPAVAV PORT LTD,GPPL,₹215.39
GPT HEALTHCARE LIMITED,GPTHEALTH,₹178.59
GPT INFRAPROJECTS LTD,GPTINFRA,₹148.15
GRANULES INDIA LIMITED,GRANULES,₹570.95
GRAPHISADS LIMITED,GRAPHISAD,₹71.85
GRAPHITE INDIA LTD,GRAPHITE,₹578.80
GRASIM INDUSTRIES LTD,GRASIM,₹2766.15
GRAVITA INDIA LIMITED,GRAVITA,₹2308.00
GAYATRI RUBB AND CHEM LTD,GRCL,₹444.30
GREAVES COTTON LTD.,GREAVESCOT,₹170.95
GREENCHEF APPLIANCES LTD,GREENCHEF,₹80.60
GREENLAM INDUSTRIES LTD.,GREENLAM,₹515.25
GREENPANEL INDUSTRIES LTD,GREENPANEL,₹394.70
GREENPLY INDUSTRIES LTD,GREENPLY,₹373.00
ORIENT GREEN POWER CO LTD,GREENPOWER,₹20.21
GRINDWELL NORTON LIMITED,GRINDWELL,₹2420.10
G R INFRAPROJECTS LIMITED,GRINFRA,₹1725.20
GRM OVERSEAS LIMITED,GRMOVER,₹248.00
THE GROB TEA COMPANY LTD,GROBTEA,₹1456.25
GROWWAMC - GROWWEV,,₹1456.25
GROWWAMC - GROWWLIQID,,₹1456.25
GRP LIMITED,GRPLTD,₹3155.00
GARDEN REACH SHIPŊ LTD,GRSE,₹1660.00
GARWARE HI-TECH FILMS LTD,GRWRHITECH,₹3806.00
BIRLASLAMC - GSEC10ABSL,,₹3806.00
ICICIPRAMC - ICICI10GS,,₹3806.00
MIRAEAMC - MAGS813ETF,,₹3806.00
ICICIPRAMC - ICICI5GSEC,,₹3806.00
GUJ STATE FERT & CHEM LTD,GSFC,₹218.79
GLOBAL SURFACES LIMITED,GSLSU,₹202.00
GUJARAT STATE PETRO LTD,GSPL,₹422.85
GSS INFOTECH LIMITED,GSS,₹78.90
G-TEC JAINX EDUCATION LTD,GTECJAINX,₹54.62
GTL LTD,GTL,₹12.02
GTL INFRA.LTD,GTLINFRA,₹2.32
GTPL HATHWAY LIMITED,GTPL,₹169.10
GUFIC BIOSCIENCES LTD.,GUFICBIO,₹384.70
GUJARAT ALKALIES & CHEM,GUJALKALI,₹822.30
GUJ. APOLLO IND. LTD.,GUJAPOLLO,₹341.75
GUJARAT GAS LIMITED,GUJGASLTD,₹620.00
GUJARAT RAFFIA INDUST LTD,GUJRAFFIA,₹45.99
GULF OIL LUB. IND. LTD.,GULFOILLUB,₹1363.95
GP PETROLEUMS LIMITED,GULFPETRO,₹79.30
GULSHAN POLYOLS LIMITED,GULPOLY,₹220.00
GVK POW. & INFRA LTD.,GVKPIL,₹6.08
GVP INFOTECH LIMITED,GVPTECH,₹12.70
HINDUSTAN AERONAUTICS LTD,HAL,₹4260.00
HAPPIEST MINDS TECHNO LTD,HAPPSTMNDS,₹800.95
HAPPY FORGINGS LIMITED,HAPPYFORGE,₹1170.00
HARDWYN INDIA LIMITED,HARDWYN,₹38.99
HARIOM PIPE INDUSTRIES L,HARIOMPIPE,₹719.85
HARRISONS MALAYALAM,HARRMALAYA,₹252.00
HARSHA ENGINEERS INT LTD,HARSHA,₹507.55
HATHWAY CABLE & DATACOM,HATHWAY,₹20.11
HATSUN AGRO PRODUCT LTD.,HATSUN,₹1142.00
HAVELLS INDIA LIMITED,HAVELLS,₹1944.00
SRI HAVISHA HOSP & INFR L,HAVISHA,₹2.20
HBL POWER SYSTEMS LTD.,HBLPOWER,₹642.95
HB STOCKHOLDINGS LIMITED,HBSL,₹137.45
HINDUSTAN CONSTRUCTION CO,HCC,₹41.80
HEALTHCARE GLOB. ENT. LTD,HCG,₹428.45
HCL INFOSYSTEMS LTD,HCL-INSYS,₹20.95
HCL TECHNOLOGIES LTD,HCLTECH,₹1778.00
HDFC AMC LIMITED,HDFCAMC,₹4203.00
HDFC BANK LTD,HDFCBANK,₹1652.20
HDFCAMC - HDFCBSE500,,₹1652.20
HDFC GOLD ETF,,₹1652.20
HDFCAMC - HDFCGROWTH,,₹1652.20
HDFC LIFE INS CO LTD,HDFCLIFE,₹702.25
HDFCAMC - HDFCLIQUID,,₹702.25
HDFCAMC - HDFCLOWVOL,,₹702.25
HDFCAMC - HDFCMID150,,₹702.25
HDFCAMC - HDFCMOMENT,,₹702.25
HDFCAMC - HDFCNEXT50,,₹702.25
HDFCAMC - HDFCNIF100,,₹702.25
HDFCAMC - HDFCNIFBAN,,₹702.25
HDFCAMC - HDFCNIFIT,,₹702.25
HDFCAMC - HDFCNIFTY,,₹702.25
HDFCAMC HDFCPSUBK,,₹702.25
HDFCAMC - HDFCPVTBAN,,₹702.25
HDFCAMC - HDFCQUAL,,₹702.25
HDFCAMC - HDFCSENSEX,,₹702.25
HDFCAMC - HDFCSILVER,,₹702.25
HDFCAMC - HDFCSML250,,₹702.25
HDFCAMC - HDFCVALUE,,₹702.25
HEADS UP VENTURES LIMITED,HEADSUP,₹14.00
DSPAMC - HEALTHADD,,₹14.00
ICICIPRAMC - ICICIPHARM,,₹14.00
BIRLASLAMC - HEALTHY,,₹14.00
HEC INFRA PROJECTS LTD,HECPROJECT,₹100.70
HEG LTD,HEG,₹2374.00
HEIDELBERGCEMENT (I) LTD,HEIDELBERG,₹241.00
HEMISPHERE PROP IND LTD,HEMIPROP,₹190.85
HERANBA INDUSTRIES LTD,HERANBA,₹465.00
HERCULES HOI. LTD.,HERCULES,₹629.90
HERITAGE FOODS LTD,HERITGFOOD,₹613.00
HERO MOTOCORP LIMITED,HEROMOTOCO,₹5569.95
HESTER BIOSCIENCES LTD,HESTERBIO,₹2412.50
HEUBACH COLORANTS IND LTD,HEUBACHIND,₹640.00
HEXA TRADEX LIMITED,HEXATRADEX,₹293.95
HFCL LIMITED,HFCL,₹139.98
H.G.INFRA ENGINEERING LTD,HGINFRA,₹1497.90
HINDUJA GLOBAL SOLS. LTD.,HGS,₹799.10
HI GREEN CARBON LIMITED,HIGREEN,₹241.00
HIKAL LIMITED,HIKAL,₹360.10
HIL LIMITED,HIL,₹2934.10
HILTON METAL FORGING LTD,HILTON,₹83.40
HIMATSINGKA SEIDE LTD,HIMATSEIDE,₹147.00
HINDALCO  INDUSTRIES  LTD,HINDALCO,₹742.65
HINDUSTAN COMPOSITES LTD.,HINDCOMPOS,₹558.00
HINDCON CHEMICALS LIMITED,HINDCON,₹51.00
HINDUSTAN COPPER LTD,HINDCOPPER,₹330.35
HINDUSTAN MOTORS LIMITED,HINDMOTORS,₹26.95
HIND NATL GLASS & IND LTD,HINDNATGLS,₹29.47
HINDUSTAN OIL EXPLORATION,HINDOILEXP,₹238.00
HINDUSTAN PETROLEUM CORP,HINDPETRO,₹407.00
HINDUSTAN UNILEVER LTD.,HINDUNILVR,₹2845.00
HINDWARE HME INOVATON LTD,HINDWAREAP,₹303.00
HINDUSTAN ZINC LIMITED,HINDZINC,₹523.15
HIND RECTIFIER LIMITED,HIRECT,₹906.95
HISAR METAL IND. LIMITED,HISARMETAL,₹192.80
HI-TECH PIPES LIMITED,HITECH,₹193.00
HITECH CORPORATION LTD,HITECHCORP,₹274.50
THE HI-TECH GEARS LIMITED,HITECHGEAR,₹871.00
HLE GLASCOAT LIMITED,HLEGLAS,₹402.40
HLV LIMITED,HLVLTD,₹17.30
HMA AGRO INDUSTRIES LTD,HMAAGRO,₹47.20
HINDUSTAN MEDIA VENT LTD,HMVL,₹92.10
HINDUSTAN FOODS LIMITED,HNDFDS,₹635.00
NIP IND ETF HANGSENG BEES,,₹635.00
HOAC FOODS INDIA LIMITED,HOACFOODS,₹130.00
HOLMARC OPTO MECHATRO L,HOLMARC,₹--
HOME FIRST FIN CO IND LTD,HOMEFIRST,₹1247.00
HOMESFY REALTY LIMITED,HOMESFY,₹507.60
HONASA CONSUMER LIMITED,HONASA,₹444.00
HONEYWELL AUTOMATION IND,HONAUT,₹48644.95
HONDA I POWER PRODUCT LTD,HONDAPOWER,₹4046.45
HOV SERVICES LTD,HOVS,₹79.73
HP ADHESIVES LIMITED,HPAL,₹90.00
HINDPRAKASH INDUSTRY LTD,HPIL,₹147.01
HPL ELECTRIC & POWER LTD,HPL,₹552.95
HIMADRI SPECIALITY CHEM L,HSCL,₹644.35
HT MEDIA LIMITED,HTMEDIA,₹24.85
HUBTOWN LIMITED,HUBTOWN,₹292.00
HSG & URBAN DEV CORPN LTD,HUDCO,₹224.32
HUHTAMAKI INDIA LIMITED,HUHTAMAKI,₹380.15
HYBRID FINANCIAL SERVICE,HYBRIDFIN,₹12.36
IBL FINANCE LIMITED,IBLFL,₹71.00
ICDSLTD,ICDSLTD,₹--
ICE MAKE REFRIGERAT LTD,ICEMAKE,₹718.85
ICICIPRAMC - BHARATIWIN,,₹718.85
ICICI BANK LTD.,ICICIBANK,₹1247.10
ICICI LOMBARD GIC LIMITED,ICICIGI,₹2150.00
ICICI PRU LIFE INS CO LTD,ICICIPRULI,₹755.75
INDO COUNT INDUSTRIES LTD,ICIL,₹360.00
ICRA LIMITED,ICRA,₹7132.25
IDBI BANK LIMITED,IDBI,₹84.49
VODAFONE IDEA LIMITED,IDEA,₹9.79
IDEAFORGE TECHNO LTD,IDEAFORGE,₹684.25
IDEAL TECHNOPLAST IND LTD,IDEALTECHO,₹99.00
IDFC LIMITED,IDFC,₹110.52
IDFC FIRST BANK LIMITED,IDFCFIRSTB,₹72.45
BANDHANAMC - IDFNIFTYET,,₹72.45
INDIABULLS ENT LTD,IEL,₹11.82
INDIAN EMULSIFIERS LTD,IEML,₹290.00
INDIAN ENERGY EXC LTD,IEX,₹208.80
IFB AGRO INDUSTRIES LTD,IFBAGRO,₹565.95
IFB INDUSTRIES LTD,IFBIND,₹1798.15
IFCI LTD,IFCI,₹62.60
IFGL REFRACTORIES LIMITED,IFGLEXPOR,₹598.00
IGARASHI MOTORS INDIA LTD,IGARASHI,₹642.65
INDRAPRASTHA GAS LTD,IGL,₹553.00
I G PETROCHEMICALS LTD,IGPL,₹583.00
IIFL FINANCE LIMITED,IIFL,₹461.00
IIFL SECURITIES LIMITED,IIFLSEC,₹371.50
INDUSTRIAL INV TRUST LTD,IITL,₹294.00
IKIO LIGHTING LIMITED,IKIO,₹286.95
IMAGICAAWORLD ENT LTD,IMAGICAA,₹82.50
INDIAN METALS & FERRO,IMFA,₹706.60
IND MOTOR PART & ACC LTD,IMPAL,₹1303.45
IMPEX FERRO TECH LIMITED,IMPEXFERRO,₹3.32
INCREDIBLE INDUSTRIES LTD,INCREDIBLE,₹43.35
INDBANK MERCH BANK,INDBANK,₹45.55
INDEGENE LIMITED,INDGN,₹696.00
THE INDIAN HOTELS CO. LTD,INDHOTEL,₹674.05
THE INDIA CEMENTS LIMITED,INDIACEM,₹363.05
INDIA GLYCOLS LTD,INDIAGLYCO,₹1371.50
INDIAMART INTERMESH LTD,INDIAMART,₹2925.15
INDIAN BANK,INDIANB,₹519.00
INDIAN CARD CLOTHING CO.,INDIANCARD,₹269.90
INDIAN HUME PIPE CO. LTD.,INDIANHUME,₹489.55
INDIA SHELTER FIN CORP L,INDIASHLTR,₹753.00
INDIFRA LIMITED,INDIFRA,₹30.25
INTERGLOBE AVIATION LTD,INDIGO,₹4605.00
INDIGO PAINTS LIMITED,INDIGOPNTS,₹1472.40
INDIA NIPPON ELECT  LTD,INDNIPPON,₹731.00
INDO AMINES LIMITED,INDOAMIN,₹220.99
INDO BORAX & CHEMICAL LTD,INDOBORAX,₹200.00
INDOCO REMEDIES LTD.,INDOCO,₹335.05
INDO RAMA SYNTHETICS LTD,INDORAMA,₹46.45
INDOSTAR CAPITAL FIN LTD,INDOSTAR,₹300.00
INDO TECH TRANSFORM LTD.,INDOTECH,₹1834.90
INDO THAI SEC LTD,INDOTHAI,₹795.60
INDO US BIOTECH LTD,INDOUS,₹292.70
INDOWIND ENERGY LTD,INDOWIND,₹22.09
INDRAPRASTHA MEDICAL CORP,INDRAMEDCO,₹438.00
IND SWIFT LABORATORIES LT,INDSWFTLAB,₹126.00
IND-SWIFT LIMITED,INDSWFTLTD,₹23.85
IND TERRAIN FASHIONS LTD,INDTERRAIN,₹54.80
INDUSIND BANK LIMITED,INDUSINDBK,₹1388.00
INDUS TOWERS LIMITED,INDUSTOWER,₹378.60
INFIBEAM AVENUES LIMITED,INFIBEAM,₹31.95
INFINIUM PHARMACHEM LTD,INFINIUM,₹356.30
INFOBEANS TECHNO. LTD.,INFOBEAN,₹421.20
INFOMEDIA PRESS LIMITED,INFOMEDIA,₹8.55
NIP IND ETF INFRA BEES,,₹8.55
ICICIPRAMC - ICICIINFRA,,₹8.55
INFOSYS LIMITED,INFY,₹1923.20
INGERSOLL-RAND INDIA LTD,INGERRAND,₹4100.00
INTERIORS & MORE LIMITED,INM,₹340.00
INNOMET ADVANCED MATERI L,INNOMET,₹222.00
INNOVA CAPTAB LIMITED,INNOVACAP,₹743.00
INNOVANA THINKLABS LTD.,INNOVANA,₹460.00
INOX GREEN ENERGY SER LTD,INOXGREEN,₹196.24
INOX INDIA LIMITED,INOXINDIA,₹1142.15
INOX WIND LIMITED,INOXWIND,₹223.39
INSECTICIDES (I) LTD,INSECTICID,₹855.00
INSPIRE FILMS LIMITED,INSPIRE,₹32.40
INSPIRISYS SOLUTIONS LTD,INSPIRISYS,₹118.80
INTELLECT DESIGN ARENA,INTELLECT,₹887.55
INTENSE TECHNOLOGIES LTD,INTENTECH,₹134.00
INTERARCH BUILDING PROD L,INTERARCH,₹1353.00
INTL CONVEYORS LIMITED,INTLCONV,₹95.00
INVENTURE GRO & SEC LTD,INVENTURE,₹2.33
INDIAN OVERSEAS BANK,IOB,₹56.17
INDIAN OIL CORP LTD,IOC,₹170.79
IOL CHEM AND PHARMA LTD,IOLCP,₹455.65
ION EXCHANGE (INDIA) LTD,IONEXCHANG,₹647.35
IPCA LABORATORIES LTD,IPCALAB,₹1504.80
INDIAN PHOSPHATE LIMITED,IPHL,₹115.00
INDIA PESTICIDES LIMITED,IPL,₹204.40
INTEGRATED PERSO SER LTD,IPSL,₹--
IRB INFRA DEV LTD.,IRB,₹60.00
IRCON INTERNATIONAL LTD,IRCON,₹217.36
INDIAN RAIL TOUR CORP LTD,IRCTC,₹877.15
INDIAN RENEWABLE ENERGY,IREDA,₹224.29
INDIAN RAILWAY FIN CORP L,IRFC,₹152.07
IRIS BUSINESS SERV LTD,IRIS,₹--
IRIS CLOTHINGS LIMITED,IRISDOREME,₹71.36
IRM ENERGY LIMITED,IRMENERGY,₹432.95
ICICI SECURITIES LIMITED,ISEC,₹869.10
INTRASOFT TECH. LTD,ISFT,₹155.78
ISGEC HEAVY ENG LTD,ISGEC,₹1342.90
KOTAKMAMC - KOTAKIT,,₹1342.90
ITALIAN EDIBLES LIMITED,ITALIANE,₹59.00
NIP IND ETF IT,,₹59.00
ITC LTD,ITC,₹507.00
INDIA TOUR. DEV. CO. LTD.,ITDC,₹660.00
ITD CEMENTATION INDIA LTD,ITDCEM,₹642.00
MIRAEAMC - ITETF,,₹642.00
DSPAMC - DSPITETF,,₹642.00
ITI LTD,ITI,₹257.45
ICICIPRAMC - ICICITECH,,₹257.45
IL&FS INVESTMENT MANAGERS,IVC,₹12.14
IVP LIMITED,IVP,₹203.35
INVESCO INDIA GOLD ETF,,₹203.35
INVESCO INDIA NIFTY ETF,,₹203.35
INOX WIND ENERGY LIMITED,IWEL,₹11851.00
LE TRAVENUES TECHNOLOGY L,IXIGO,₹151.90
IZMO LIMITED,IZMO,₹398.70
J & K BANK LTD.,J&KBANK,₹102.39
JAGRAN PRAKASHAN LIMITED,JAGRAN,₹91.72
JAGSONPAL PHARMACEUTICALS,JAGSNPHARM,₹437.65
JAI BALAJI INDUSTRIES LTD,JAIBALAJI,₹1117.80
JAI CORP LIMITED,JAICORPLTD,₹352.90
JAINAM FER ALLOYS (I) LTD,JAINAM,₹162.00
NANDANI CREATION LIMITED,JAIPURKURT,₹40.05
JAMNA AUTO IND LTD,JAMNAAUTO,₹115.40
JASH ENGINEERING LIMITED,JASH,₹2196.00
JAYANT AGRO ORGANICS LTD,JAYAGROGN,₹310.70
JAY BHARAT MARUTI LTD,JAYBARMARU,₹99.85
JAY BEE LAMINATIONS LTD,JAYBEE,₹247.65
JAYASWAL NECO INDUSTR LTD,JAYNECOIND,₹49.00
JAYSHREE TEA & INDUSTRIES,JAYSREETEA,₹150.30
J B CHEMICALS AND PHARMA,JBCHEPHARM,₹1719.30
JBM AUTO LIMITED,JBMA,₹1780.80
JOHNSON CONTROLS HITACHI,JCHAC,₹2453.00
JET FREIGHT LOGISTICS LTD,JETFREIGHT,₹16.02
JEYYAM GLOBAL FOODS LTD,JEYYAM,₹61.60
J.G.CHEMICALS LIMITED,JGCHEM,₹379.10
JHS SVEND. LAB. LTD,JHS,₹27.35
JINDAL PHOTO LIMITED,JINDALPHOT,₹780.00
JINDAL POLY FILMS LIMITED,JINDALPOLY,₹749.75
JINDAL SAW LIMITED,JINDALSAW,₹713.00
JINDAL STEEL & POWER LTD,JINDALSTEL,₹1026.05
JINDAL DRILLING IND. LTD,JINDRILL,₹600.30
JINDAL WORLDWIDE LTD,JINDWORLD,₹331.05
JIO FIN SERVICES LTD,JIOFIN,₹346.10
JAIN DVR EQUITY SHARES,JISLDVREQS,₹33.60
JAIN IRRIGATION SYSTEMS,JISLJALEQS,₹64.00
JITF INFRALOGISTICS LTD,JITFINFRA,₹865.15
JIWANRAM SHEODUTTRA IND L,JIWANRAM,₹--
JK CEMENT LIMITED,JKCEMENT,₹4570.00
JKUMAR INFR.LTD.,JKIL,₹762.00
JK LAKSHMI CEMENT LTD,JKLAKSHMI,₹797.95
JK PAPER LIMITED,JKPAPER,₹495.50
JK TYRE & INDUSTRIES LTD,JKTYRE,₹408.00
JUPITER LIFE LINE HOSP L,JLHL,₹1435.00
JULLUNDUR MOT AGENCY LTD,JMA,₹102.13
JM FINANCIAL LIMITED,JMFINANCIL,₹144.65
JNK INDIA LIMITED,JNKINDIA,₹639.90
JOCIL LIMITED,JOCIL,₹205.15
JAIPRAKASH ASSOCIATES LTD,JPASSOCIAT,₹7.40
JIND POL INV & FIN CO LTD,JPOLYINVST,₹769.65
JAIPRAKASH POWER VEN. LTD,JPPOWER,₹19.43
JANA SMALL FIN BANK LTD,JSFB,₹564.00
JINDAL STAINLESS LIMITED,JSL,₹778.50
JEENA SIKHO LIFECARE LTD,JSLL,₹1599.00
JSW ENERGY LIMITED,JSWENERGY,₹700.00
JSW HOLDINGS LIMITED,JSWHL,₹8600.05
JSW INFRASTRUCTURE LTD,JSWINFRA,₹332.10
JSW STEEL LIMITED,JSWSTEEL,₹1042.00
JTEKT INDIA LIMITED,JTEKTINDIA,₹170.90
JTL INDUSTRIES LIMITED,JTLIND,₹226.02
JUBILANT FOODWORKS LTD,JUBLFOOD,₹630.05
JUBILANT INDUSTRIES LTD,JUBLINDS,₹1694.00
JUBILANT INGREVIA LIMITED,JUBLINGREA,₹817.95
JUBILANT PHARMOVA LTD,JUBLPHARMA,₹1085.00
NIP IND ETF JUNIOR BEES,,₹1085.00
JUNIPER HOTELS LIMITED,JUNIPER,₹361.50
JUSTDIAL LTD.,JUSTDIAL,₹1199.90
JUPITER WAGONS LIMITED,JWL,₹486.00
JYOTHY LABS LIMITED,JYOTHYLAB,₹542.60
JYOTI CNC AUTOMATION LTD,JYOTICNC,₹1157.95
JYOTI STRUCTURES LTD,JYOTISTRUC,₹25.30
KABRA EXTRUSION TECHNIK L,KABRAEXTRU,₹411.25
KAJARIA CERAMICS LTD,KAJARIACER,₹1460.05
KAKATIYA CEM SUGAR &IND L,KAKATCEM,₹215.50
SAI SILKS (KALAMANDIR) L,KALAMANDIR,₹171.95
KALYANI COMMERCIALS LTD,KALYANI,₹--
KALYANI FORGE LIMITED,KALYANIFRG,₹494.95
KALYAN JEWELLERS IND LTD,KALYANKJIL,₹727.00
KAMAT HOTELS (I) LTD,KAMATHOTEL,₹200.95
KAMDHENU LIMITED,KAMDHENU,₹570.00
KAMDHENU VENTURES LIMITED,KAMOPAINTS,₹26.51
KANANI INDUSTRIES LTD,KANANIIND,₹2.78
KANDARP DG SMART BPO LTD,KANDARP,₹47.10
KANORIA CHEMICALS & INDUS,KANORICHEM,₹146.95
KANPUR PLASTIPACK LIMITED,KANPRPLA,₹119.35
KANSAI NEROLAC PAINTS LTD,KANSAINER,₹301.25
KAPSTON SERVICES LIMITED,KAPSTON,₹250.00
KARMA ENERGY LIMITED,KARMAENG,₹71.99
KARNIKA INDUSTRIES LTD,KARNIKA,₹276.00
KARUR VYSYA BANK LTD,KARURVYSYA,₹206.34
KATARIA INDUSTRIES LTD,KATARIA,₹199.00
KAUSHALYA INFRA DEV LTD.,KAUSHALYA,₹990.00
KAVVERI TEL. LTD.,KAVVERITEL,₹44.96
KAYA LIMITED,KAYA,₹437.50
KAYNES TECHNOLOGY IND LTD,KAYNES,₹5219.20
KBC GLOBAL LIMITED,KBCGLOBAL,₹2.10
KCK INDUSTRIES LTD,KCK,₹--
KCP LTD,KCP,₹250.20
KCPSUGARINDUS,KCPSUGIND,₹53.60
KDDL LIMITED,KDDL,₹3010.00
KEC INTL. LIMITED,KEC,₹1032.50
KIRLOSKAR ELECTRIC CO LTD,KECL,₹190.70
DSJ KEEP LEARNING LTD,KEEPLEARN,₹6.74
KEI INDUSTRIES LTD.,KEI,₹4260.00
KUNDAN EDIFICE LIMITED,KEL,₹--
KELLTON TECH SOL LTD,KELLTONTEC,₹139.28
KERNEX MICROSYS(I) LTD,KERNEX,₹740.00
KESORAM INDUSTRIES LTD,KESORAMIND,₹217.00
KEYNOTE FIN SERV LTD.,KEYFINSERV,₹279.45
KFIN TECHNOLOGIES LIMITED,KFINTECH,₹1022.85
KHADIM INDIA LIMITED,KHADIM,₹361.30
KHAITAN CHEM & FERT LTD,KHAICHEM,₹78.20
KHAITAN (INDIA)LTD.,KHAITANLTD,₹--
KHANDWALA SECURITIES LTD,KHANDSE,₹28.79
KHFM HOS FAC MANA SER LTD,KHFM,₹99.10
KALYANI INVEST CO LTD,KICL,₹6298.95
KILITCH DRUGS INDIA LTD,KILITCH,₹344.35
KRISHNA INST OF MED SCI L,KIMS,₹550.95
KINGFA SCI & TEC IND LTD.,KINGFA,₹3241.35
KIOCL LIMITED,KIOCL,₹375.45
KIRI INDUSTRIES LIMITED,KIRIINDUS,₹353.05
KIRLOSKAR BROTHERS LTD,KIRLOSBROS,₹1789.00
KIRLOSKAR OIL ENG LTD,KIRLOSENG,₹1183.85
KIRLOSKAR INDUSTRIES LTD,KIRLOSIND,₹5296.05
KIRLOSKAR PNEUMATIC COM L,KIRLPNU,₹1263.45
KITEX GARMENTS LTD,KITEX,₹516.00
KEWAL KIRAN CLOTHING LTD,KKCL,₹650.00
KKV AGRO POWERS LTD.,KKVAPOW,₹672.00
KAUSHALYA LOGISTICS LTD,KLL,₹132.00
K M SUGAR MILLS LTD,KMSUGAR,₹40.70
KNR CONSTRU LTD.,KNRCON,₹335.00
KODY TECHNOLAB LIMITED,KODYTECH,₹3396.00
KOHINOOR FOODS LIMITED,KOHINOOR,₹46.50
KOKUYO CAMLIN LIMITED,KOKUYOCMLN,₹184.60
KOLTE PATIL DEV. LTD.,KOLTEPATIL,₹389.30
KONSTELEC ENGINEERS LTD,KONSTELEC,₹168.10
KONTOR SPACE LIMITED,KONTOR,₹156.05
KOPRAN LTD,KOPRAN,₹314.90
KOTAK MAHINDRA BANK LTD,KOTAKBANK,₹1810.00
KOTHARI SUG & CHEM LTD.,KOTARISUG,₹55.70
KOTHARI PETROCHEM LTD,KOTHARIPET,₹221.60
KOTHARI PRODUCTS,KOTHARIPRO,₹169.55
KOTYARK INDUSTRIES LTD,KOTYARK,₹884.00
KPI GREEN ENERGY LIMITED,KPIGREEN,₹819.00
KALPATARU PROJECT INT LTD,KPIL,₹1357.75
KPIT TECHNOLOGIES LIMITED,KPITTECH,₹1699.00
KPR MILL LTD.,KPRMILL,₹942.35
KRBL LIMITED,KRBL,₹292.05
KREBS BIOCHEMICALS & IND,KREBSBIO,₹--
KRIDHAN INFRA LIMITED,KRIDHANINF,₹4.54
KRISHANA PHOSCHEM LIMITED,KRISHANA,₹225.00
KRISHIVAL FOODS LIMITED,KRISHIVAL,₹292.55
KRITI INDUSTRIES IND LTD,KRITI,₹229.90
KRITIKA WIRES LIMITED,KRITIKA,₹15.99
KRITI NUTRIENTS LIMITED,KRITINUT,₹137.99
KRN HEAT EXCHANGE N REF L,KRN,₹445.35
KRONOX LAB SCIENCES LTD,KRONOX,₹162.00
KROSS LIMITED,KROSS,₹206.62
KRSNAA DIAGNOSTICS LTD,KRSNAA,₹859.30
KRYSTAL INTEGRATED SER L,KRYSTAL,₹750.00
KSB LIMITED,KSB,₹865.00
KAVERI SEED CO. LTD.,KSCL,₹900.00
KSHITIJ POLYLINE LIMITED,KSHITIJPOL,₹6.22
KALYANI STEELS LIMITED,KSL,₹871.05
KSOLVES INDIA LIMITED,KSOLVES,₹1012.95
KARNATAKA BANK LIMITED,KTKBANK,₹229.05
KALAHRIDHAAN TRENDZ LTD,KTL,₹32.15
KUANTUM PAPERS LIMITED,KUANTUM,₹138.89
LAGNAM SPINTEX LIMITED,LAGNAM,₹115.99
LORENZINI APPARELS LTD,LAL,₹27.97
DR. LAL PATH LABS LTD.,LALPATHLAB,₹3530.00
LAMBODHARA TEXTILES LTD.,LAMBODHARA,₹168.98
LANCOR HOLDINGS LIMITED,LANCORHOL,₹41.88
LANDMARK CARS LIMITED,LANDMARK,₹648.90
LA OPALA RG LIMITED,LAOPALA,₹345.90
LASA SUPERGENERICS LTD,LASA,₹26.10
LATENT VIEW ANALYTICS LTD,LATENTVIEW,₹462.15
LATTEYS INDUSTRIES LTD,LATTEYS,₹41.50
LAURUS LABS LIMITED,LAURUSLABS,₹445.45
ADDICTIVE LEARNING TECH L,LAWSIKHO,₹390.00
LAXMI COTSPIN LIMITED,LAXMICOT,₹35.99
LAKSHMI MACHINES LTD,LAXMIMACH,₹17766.50
LCC INFOTECH LTD,LCCINFOTEC,₹8.76
LE MERITE EXPORTS LIMITED,LEMERITE,₹196.00
LEMON TREE HOTELS LTD,LEMONTREE,₹118.10
LEXUS GRANITO (INDIA) LTD,LEXUS,₹54.01
LAKSHMI FIN IND CORP LTD,LFIC,₹329.80
LG BALAKRISHNAN & BROS,LGBBROSLTD,₹1376.00
LAXMI GOLDORNA HOUSE LTD,LGHL,₹--
LIBAS CONSU PRODUCTS LTD,LIBAS,₹18.97
LIBERTYSHOESLTD,LIBERTSHOE,₹473.00
LIC HOUSING FINANCE LTD,LICHSGFIN,₹637.00
LIFE INSURA CORP OF INDIA,LICI,₹971.00
LIC MF - LIC GOLD ETF,,₹971.00
LICNAMC - LICNMFET,,₹971.00
LICNAMC - LICNFENGP,,₹971.00
LICNAMC - LICNFESGP,,₹971.00
LICNAMC - LICNFNHGP,,₹971.00
LICNAMC - LICNMID100,,₹971.00
LIKHITHA INFRASTRUC LTD,LIKHITHA,₹371.90
LINC LIMITED,LINC,₹647.15
LINCOLN PHARMA LTD,LINCOLN,₹672.15
LINDE INDIA LIMITED,LINDEINDIA,₹8220.00
MIRAEAMC - LIQUID,,₹8220.00
KOTAKMAMC - KOTAKLIQ,,₹8220.00
DSPAMC - LIQUIDADD,,₹8220.00
NIP IND ETF LIQUID BEES,,₹8220.00
BFAM - LIQUIDBETF,,₹8220.00
ZERODHAAMC - LIQUIDCASE,,₹8220.00
DSP LIQUID ETF,,₹8220.00
ICICIPRAMC - ICICILIQ,,₹8220.00
SBIAMC - LIQUIDSBI,,₹8220.00
SHRIRAM - LIQUIDSHRI,,₹8220.00
LLOYDS LUXURIES LIMITED,LLOYDS,₹90.80
LLOYDS ENGG WORK LIMITED,LLOYDSENGG,₹77.00
LLOYDS METALS N ENERGY L,LLOYDSME,₹987.00
MACROTECH DEVELOPERS LTD,LODHA,₹1164.00
LOKESH MACHINES LTD,LOKESHMACH,₹385.00
LORDS CHLORO ALKALI LTD,LORDSCHLO,₹130.00
LOTUS EYE HOSP & INST L,LOTUSEYE,₹76.99
LOVABLE LINGERIE LTD,LOVABLE,₹141.94
MIRAEAMC - MANV30F,,₹141.94
KOTAKMAMC - KOTAKLOVOL,,₹141.94
ICICI PR NIF LW VL 30 ETF,,₹141.94
LOYAL TEXTILE MILLS LTD,LOYALTEX,₹544.90
LANDMARK PR.DEV.CO.LTD,LPDC,₹10.72
LARSEN & TOUBRO LTD.,LT,₹3505.00
L&T FINANCE LIMITED,LTF,₹181.25
LT FOODS LIMITED,LTFOODS,₹400.60
NIP IND ETF LONGTERM GILT,,₹400.60
LTIMINDTREE LIMITED,LTIM,₹6200.95
L&T TECHNOLOGY SER. LTD.,LTTS,₹5130.00
LUMAX INDUSTRIES LTD,LUMAXIND,₹2493.10
LUMAX AUTO TECH LTD,LUMAXTECH,₹564.70
LUPIN LIMITED,LUPIN,₹2170.15
LUX INDUSTRIES LIMITED,LUXIND,₹2239.65
LAXMI ORGANIC INDUS LTD,LXCHEM,₹277.65
LYKA LABS LTD,LYKALABS,₹137.00
LYPSA GEMS & JEWEL LTD,LYPSAGEMS,₹8.12
MAHINDRA & MAHINDRA LTD,M&M,₹3028.00
M&M FIN. SERVICES LTD,M&MFIN,₹316.00
MAAN ALUMINIUM LIMITED,MAANALU,₹180.00
MACOBS TECHNOLOGIES LTD,MACOBSTECH,₹142.50
MACPOWER CNC MACHINES LTD,MACPOWER,₹1280.00
MADHAV MARBLE & GRANITE,MADHAV,₹53.95
VAIDYA SANE AYUR LAB LTD,MADHAVBAUG,₹136.00
MADHUCON PROJECTS LTD.,MADHUCON,₹12.70
MADHUSUDAN MASALA LIMITED,MADHUSUDAN,₹187.25
MADRAS FERTILISERS LTD,MADRASFERT,₹101.50
MIRAEAMC - MAFANG,,₹101.50
MAGADH SUGAR & ENERGY LTD,MAGADSUGAR,₹876.00
MAGNUM VENTURES LTD.,MAGNUM,₹45.50
MAGSON RETAIL AND DIST L,MAGSON,₹99.00
BANK OF MAHARASHTRA,MAHABANK,₹58.21
MAHA RASHTRA APEX COPR. L,MAHAPEXLTD,₹171.90
MAHAMAYA STEEL INDS LTD,MAHASTEEL,₹--
MAHINDRA EPC IRRIG LTD,MAHEPC,₹126.95
MAHESHWARI LOGISTICS LTD.,MAHESHWARI,₹66.10
MAHICKRA CHEMICAL LIMITED,MAHICKRA,₹97.05
MIRAEAMC - MAHKTECH,,₹97.05
MAHINDRA LIFESPACE DEVLTD,MAHLIFE,₹511.25
MAHINDRA LOGISTIC LIMITED,MAHLOG,₹488.55
MAHARASHTRA SCOOTERS LTD,MAHSCOOTER,₹11218.25
MAHARASHTRA SEAMLESS LTD,MAHSEAMLES,₹632.00
MAITHAN ALLOYS LTD,MAITHANALL,₹1131.90
MIRAEAMC - MAMFGETF,,₹1131.90
MANGALAM ALLOYS LIMITED,MAL,₹40.05
MALLCOM (INDIA) LIMITED,MALLCOM,₹1495.10
MALU PAPER MILLS LIMITED,MALUPAPER,₹49.75
MANAK ALUMINIUM CO. LTD.,MANAKALUCO,₹33.19
MAN COAT METAL & IND LTD,MANAKCOAT,₹71.70
MANAKSIA LTD.,MANAKSIA,₹102.41
MANAKSIA STEELS LTD,MANAKSTEEL,₹69.15
MANALI PETROCHEMICALS LT,MANALIPETC,₹80.13
MANAPPURAM FINANCE LTD,MANAPPURAM,₹189.86
MANAV INFRA PROJECTS LTD,MANAV,₹--
MANBA FINANCE LIMITED,MANBA,₹140.00
MANGAL CREDIT N FINCORP L,MANCREDIT,₹138.80
MANGALAM DRUG & CHEM LTD,MANGALAM,₹122.10
MANG.CHEM.FERT.LTD,MANGCHEFER,₹128.50
MANGALAM CEMENT LTD,MANGLMCEM,₹888.30
MAN INDUSTRIES (I) LTD.,MANINDS,₹342.95
MAN INFRA LTD,MANINFRA,₹193.05
MANKIND PHARMA LIMITED,MANKIND,₹2594.05
MANOMAY TEX INDIA LTD,MANOMAY,₹223.99
MANORAMA INDUSTRIES LTD,MANORAMA,₹828.45
MANGALAM ORGANICS LIMITED,MANORG,₹--
MANUGRAPH INDIA LIMITED,MANUGRAPH,₹26.20
VEDANT FASHIONS LIMITED,MANYAVAR,₹1279.40
C.E. INFO SYSTEMS LIMITED,MAPMYINDIA,₹2169.35
MARAL OVERSEAS LTD,MARALOVER,₹73.99
MARATHON NXTGEN REALT LTD,MARATHON,₹679.90
MARCO CABLE & CONDUCTOR L,MARCO,₹72.00
MARICO LIMITED,MARICO,₹699.70
MARINE ELECTRICAL (I) LTD,MARINE,₹237.00
MARINETRANS INDIA LIMITED,MARINETRAN,₹--
MARKSANS PHARMA LIMITED,MARKSANS,₹291.35
MARSHALL MACHINES LTD,MARSHALL,₹35.00
MARUTI SUZUKI INDIA LTD.,MARUTI,₹12626.05
MAS FINANCIAL SERV LTD,MASFIN,₹281.80
MASK INVESTMENTS LIMITED,MASKINVEST,₹97.80
MASON INFRATECH LIMITED,MASON,₹146.10
MIRAEAMC - MASPTOP50,,₹146.10
MASTEK LTD,MASTEK,₹2655.05
MATRIMONY.COM LIMITED,MATRIMONY,₹746.05
MAWANA SUGARS LIMITED,MAWANASUG,₹121.70
MAX ESTATES LIMITED,MAXESTATES,₹607.95
MAX HEALTHCARE INS LTD,MAXHEALTH,₹930.30
MAX INDIA LIMITED,MAXIND,₹245.25
MAXPOSURE LIMITED,MAXPOSURE,₹110.40
MAYUR UNIQUOTERS LTD,MAYURUNIQ,₹592.00
MAZDA LIMITED,MAZDA,₹1265.45
MAZAGON DOCK SHIPBUIL LTD,MAZDOCK,₹4076.90
MADHYA BHARAT AGRO P. LTD,MBAPL,₹210.00
MBL INFRASTRUCTURE LTD,MBLINFRA,₹58.75
MADHAV COPPER LIMITED,MCL,₹36.86
MCLEOD RUSSEL INDIA LTD.,MCLEODRUSS,₹36.40
MULTI COMMODITY EXCHANGE,MCX,₹5857.95
MARVEL DECOR LIMITED,MDL,₹99.00
GLOBAL HEALTH LIMITED,MEDANTA,₹978.05
MEDI ASSIST HEALTH SER L,MEDIASSIST,₹645.00
MEDICAMEN BIOTECH LIMITED,MEDICAMEQ,₹580.60
MEDICO REMEDIES LIMITED,MEDICO,₹--
MEDICAMEN ORGANICS LTD,MEDIORG,₹62.50
MEDPLUS HEALTH SERV LTD,MEDPLUS,₹660.00
MEGA FLEX PLASTICS LTD,MEGAFLEX,₹74.80
MEGASOFT LTD,MEGASOFT,₹68.94
MEGASTAR FOODS LIMITED,MEGASTAR,₹262.00
MENON BEARINGS LIMITED,MENONBE,₹131.30
MEP INFRA. DEVELOPERS LTD,MEP,₹4.75
ICICIPRAMC - METALIETF,,₹4.75
METRO BRANDS LIMITED,METROBRAND,₹1273.70
METROPOLIS HEALTHCARE LTD,METROPOLIS,₹2255.00
MAHALAXMI FABRIC MILLS LT,MFML,₹53.14
MAX FINANCIAL SERV LTD,MFSL,₹1166.65
MANGALAM GLOBAL ENT LTD,MGEL,₹25.06
MAHANAGAR GAS LTD.,MGL,₹1920.00
MOHINI HEALTH&HYGIENE LTD,MHHL,₹62.00
MAHALAXMI RUBTECH LIMITED,MHLXMIRU,₹166.00
MAHINDRA HOLIDAYS LTD,MHRIL,₹388.85
MIC ELECTRONICS LTD,MICEL,₹97.42
MICROPRO SOFTWARE SOL L,MICROPRO,₹40.75
NIP IND ETF MIDCAP 150,,₹40.75
ZERODHAAMC - MID150CASE,,₹40.75
KOTAKMAMC - KOTAKMID50,,₹40.75
MIRAEAMC - MAM150ETF,,₹40.75
ICICIPRAMC - ICICIM150,,₹40.75
MISHRA DHATU NIGAM LTD,MIDHANI,₹385.95
DSPAMC - DSPQ50ETF,,₹385.95
ICICI PRUD MIDCAP SEL ETF,,₹385.95
MIRAEAMC - MIDSMALL,,₹385.95
MANGLAM INFRA & ENG LTD,MIEL,₹59.90
MILTON INDUSTRIES LIMITED,MILTON,₹42.10
MINDA CORPORATION LTD,MINDACORP,₹601.00
MINDTECK (INDIA) LIMITED,MINDTECK,₹--
MIRCELECTR-DEPO,MIRCELECTR,₹23.48
MIRZA INTERNATIONAL LIMIT,MIRZAINT,₹43.56
MITCON CON & ENG SER LTD,MITCON,₹127.00
MITTAL LIFE STYLE LIMITED,MITTAL,₹2.15
M K PROTEINS LIMITED,MKPL,₹9.14
MM FORGINGS LTD,MMFL,₹581.60
MMP INDUSTRIES LIMITED,MMP,₹368.90
MMTC LIMITED,MMTC,₹86.30
KOTAKMAMC - KOTAKMNC,,₹86.30
MOTILALAMC - MODEFENCE,,₹86.30
MODI RUBBER LTD,MODIRUBBER,₹124.86
MODISON LIMITED,MODISONLTD,₹197.00
MODERN THREADS INDIA LTD,MODTHREAD,₹56.00
MOTILALAMC - G5,,₹56.00
MOTILALAMC - MOHEALTH,,₹56.00
MOHIT INDUSTRIES LTD,MOHITIND,₹27.66
MOIL LIMITED,MOIL,₹389.85
MOKSH ORNAMENTS LIMITED,MOKSH,₹19.76
MEGHMANI ORGANICS LIMITED,MOL,₹100.00
MOLD-TEK TECHNOLOGIES LTD,MOLDTECH,₹229.65
MOLD-TEK PACKAGING LTD,MOLDTKPAC,₹766.70
MOTILALAMC - MOLOWVOL,,₹766.70
MOTILAL OS MIDCAP100 ETF,,₹766.70
ICICIPRAMC - ICICIMOM30,,₹766.70
MOTILAL OSWAL M50 ETF,,₹766.70
BIRLASLAMC - MOMENTUM,,₹766.70
MOTILALAMC - MOMENTUM50,,₹766.70
MOTILALAMC - MOMOMENTUM,,₹766.70
MOTILAL OS NASDAQ100 ETF,,₹766.70
MONARCH NETWORTH CAP LTD,MONARCH,₹380.70
MOTILALAMC - MONIFTY500,,₹380.70
MONO PHARMACARE LIMITED,MONOPHARMA,₹35.00
MOTILALAMC - MONQ50,,₹35.00
MONTE CARLO FASHIONS LTD.,MONTECARLO,₹809.10
MOTILALAMC - MOQUALITY,,₹809.10
MORARJEE TEXTILES LIMITED,MORARJEE,₹11.90
MOTILALAMC - MOREALTY,,₹11.90
MOREPEN LAB. LTD,MOREPENLAB,₹85.19
MOS UTILITY LIMITED,MOS,₹328.80
MOTILALAMC - MOSMALL250,,₹328.80
SAMVRDHNA MTHRSN INTL LTD,MOTHERSON,₹200.86
MOTILAL OSWAL FIN LTD,MOTILALOFS,₹728.30
MOTISONS JEWELLERS LTD,MOTISONS,₹300.85
MOTOR & GENERAL FINANCE L,MOTOGENFIN,₹38.00
MOTILALAMC - MOVALUE,,₹38.00
MPHASIS LIMITED,MPHASIS,₹2899.00
MPS LIMITED,MPSLTD,₹2032.05
M P TODAY MEDIA LIMITED,MPTODAY,₹38.00
MRF LTD,MRF,₹135377.00
MRO-TEK REALTY LIMITED,MRO-TEK,₹101.98
MRPL,MRPL,₹177.70
MSP STEEL & POWER LTD.,MSPL,₹55.45
MSTC LIMITED,MSTCLTD,₹654.00
MOTHERSON SUMI WRNG IND L,MSUMI,₹68.24
MTAR TECHNOLOGIES LIMITED,MTARTECH,₹1691.15
MT EDUCARE LTD,MTEDUCARE,₹3.49
MAHANAGAR TELEPHONE NIGAM,MTNL,₹57.79
MUFIN GREEN FINANCE LTD,MUFIN,₹112.00
CREDO BRANDS MARKETING L,MUFTI,₹195.00
MUKAND LTD.,MUKANDLTD,₹161.94
MUKKA PROTEINS LIMITED,MUKKA,₹41.09
MUKTA ARTS LIMITED,MUKTAARTS,₹90.25
MIRAEAMC - MULTICAP,,₹90.25
MUNJAL AUTO IND. LTD.,MUNJALAU,₹124.41
MUNJAL SHOWA LTD,MUNJALSHOW,₹166.10
MURUDESHWAR CERAMICS LTD,MURUDCERA,₹56.50
MUTHOOT CAP SERV LTD,MUTHOOTCAP,₹387.85
MUTHOOT FINANCE LIMITED,MUTHOOTFIN,₹1945.05
MUTHOOT MICROFIN LIMITED,MUTHOOTMF,₹228.02
MANOJ VAIBHAV GEM N JEW L,MVGJL,₹267.10
M.V.K. AGRO FOOD PROD LTD,MVKAGRO,₹47.80
MANGALAM WORLDWIDE LTD,MWL,₹142.00
MY MUDRA FINCORP LIMITED,MYMUDRA,₹104.00
NACL INDUSTRIES LIMITED,NACLIND,₹54.99
NAGARJUN FERT AND CHE LTD,NAGAFERT,₹11.23
NAGREEKA CAP & INFR.LTD,NAGREEKCAP,₹28.25
NAGREEKA EXPORTS LTD.,NAGREEKEXP,₹40.94
NAHAR CAP & FIN.,NAHARCAP,₹310.75
NAHAR INDS ENT LTD,NAHARINDUS,₹146.10
NAHAR POLY FILMS LIMITED,NAHARPOLY,₹242.25
NAHAR SPINNING MILLS LTD.,NAHARSPING,₹290.70
NIPPON L I A M LTD,NAM-INDIA,₹669.00
NAMAN IN-STORE (INDIA) L,NAMAN,₹182.30
NAMO EWASTE MANAGEMENT L,NAMOEWASTE,₹184.55
NARMADA AGROBASE LIMITED,NARMADA,₹18.20
NATCO PHARMA LTD.,NATCOPHARM,₹1362.35
NATH BIO-GENES (I) LTD,NATHBIOGEN,₹214.00
NATIONAL ALUMINIUM CO LTD,NATIONALUM,₹221.00
INFO EDGE (I) LTD,NAUKRI,₹8120.00
NAVA LIMITED,NAVA,₹1043.00
NAVIN FLUORINE INT. LTD,NAVINFLUOR,₹3419.95
NAVIAMC - NAVINIFTY,,₹3419.95
NAVKAR CORPORATION LTD.,NAVKARCORP,₹131.20
NAVNEET EDUCATION LTD,NAVNETEDUL,₹143.95
NAZARA TECHNOLOGIES LTD,NAZARA,₹959.45
NBCC (INDIA) LIMITED,NBCC,₹118.10
N.B.I. IND. FIN. CO. LTD,NBIFIN,₹2281.00
NCC LIMITED,NCC,₹302.05
NCL INDUSTRIES LIMITED,NCLIND,₹212.40
NAGA DHUNSERI GROUP LTD,NDGL,₹4700.00
NANDAN DENIM LIMITED,NDL,₹6.12
NDL VENTURES LIMITED,NDLVENTURE,₹110.00
NDR AUTO COMPONENTS LTD,NDRAUTO,₹810.80
NDTV LTD,NDTV,₹181.90
NORTH EAST CARRY CORP LTD,NECCLTD,₹31.79
NECTAR LIFESCIENCES LTD.,NECLIFE,₹42.45
NELCAST LIMITED,NELCAST,₹130.42
NELCO LTD,NELCO,₹1004.95
NEOGEN CHEMICALS LIMITED,NEOGEN,₹2070.15
NEPHRO CARE INDIA LIMITED,NEPHROCARE,₹224.50
NESCO LTD.,NESCO,₹920.00
NESTLE INDIA LIMITED,NESTLEIND,₹2663.00
TATAAML - NETF,,₹2663.00
NETWEB TECH INDIA LTD,NETWEB,₹2540.00
NETWORK18 MEDIA & INV LTD,NETWORK18,₹79.97
NEULAND LAB LTD.,NEULANDLAB,₹12105.00
NEWGEN SOFTWARE TECH LTD,NEWGEN,₹1319.95
NEWJAISA TECHNOLOGIES LTD,NEWJAISA,₹92.50
MIRAEAMC - MANXT50,,₹92.50
ICICIPRAMC - ICICINXT50,,₹92.50
NEXT MEDIAWORKS LIMITED,NEXTMEDIA,₹7.57
NATIONAL FERT. LTD,NFL,₹120.60
NAKODA GROUP OF IND. LTD,NGIL,₹42.00
NGL FINE CHEM LIMITED,NGLFINE,₹1968.00
NARAYANA HRUDAYALAYA LTD.,NH,₹1231.05
NHPC LTD,NHPC,₹93.15
THE NEW INDIA ASSU CO LTD,NIACL,₹225.80
NRB INDUS. BEARINGS LTD.,NIBL,₹34.00
NIDAN LABS AND HEALTH LTD,NIDAN,₹31.80
NIP IND ETF NIFTY 100,,₹31.80
ICICI PRUD NIFTY 100 ETF,,₹31.80
UTIAMC - NIF10GETF,,₹31.80
UTIAMC - NIF5GETF,,₹31.80
UTIAMC - NIFITETF,,₹31.80
UTIAMC - NIFMID150,,₹31.80
KOTAK NIFTY ETF,,₹31.80
DSPAMC - DSPN50ETF,,₹31.80
NIP IND ETF NIFTY BEES,,₹31.80
BFAM - NIFTYBETF,,₹31.80
MIRAEAMC - MAN50ETF,,₹31.80
ICICI PRUD NIFTY ETF,,₹31.80
BIRLASLAMC - NIFTYQLITY,,₹31.80
NIIT LIMITED,NIITLTD,₹165.90
NIIT LEARNING SYSTEMS LTD,NIITMTS,₹499.45
NILA INFRASTRUCTURES LTD,NILAINFRA,₹12.70
NILA SPACES LIMITED,NILASPACES,₹11.70
NILKAMAL LIMITED,NILKAMAL,₹1869.00
NINTEC SYSTEMS LIMITED,NINSYS,₹551.00
INDO-NATIONAL LIMITED,NIPPOBATRY,₹560.00
NIRAJ CEMENT STRUC LTD,NIRAJ,₹65.69
NIRAJ ISPAT IND LTD,NIRAJISPAT,₹--
NITCO LIMITED,NITCO,₹83.40
NITIN SPINNERS LIMITED,NITINSPIN,₹376.65
NITIRAJ ENGINEERS LTD,NITIRAJ,₹255.00
NK INDUSTRIES LTD,NKIND,₹49.00
NLC INDIA LIMITED,NLCINDIA,₹283.00
NMDC LTD.,NMDC,₹238.25
NOCIL LIMITED,NOCIL,₹284.00
NOIDA TOLL BRIDGE CO LTD,NOIDATOLL,₹15.66
NORBEN TEA &EXPORTS LTD,NORBTEAEXP,₹--
NORTHERN ARC CAPITAL LTD,NORTHARC,₹294.90
NOVA AGRITECH LIMITED,NOVAAGRI,₹65.90
TATAAML - NPBET,,₹65.90
NETWORK PEOPLE SRV TECH L,NPST,₹2537.00
N R AGARWAL INDS LTD,NRAIL,₹364.30
NRB BEARING LIMITED,NRBBEARING,₹293.45
NUPUR RECYCLERS LIMITED,NRL,₹109.00
NALWA SONS INVESTMENT LTD,NSIL,₹4888.25
NMDC STEEL LIMITED,NSLNISP,₹51.68
NTPC LTD,NTPC,₹430.60
NUCLEUS SOFTWARE EXPORTS,NUCLEUS,₹1232.00
NURECA LIMITED,NURECA,₹333.00
NUVAMA WEALTH MANAGE LTD,NUVAMA,₹6200.00
NUVOCO VISTAS CORP LTD,NUVOCO,₹352.10
KOTAKMAMC - KTKNV20ETF,,₹352.10
NIP IND ETF ETF NV20,,₹352.10
ICICI PRUDENTIAL NV20 ETF,,₹352.10
FSN E COMMERCE VENTURES,NYKAA,₹193.00
ORIENTAL AROMATICS LTD,OAL,₹498.15
ORISSA BENGAL CARRIER LTD,OBCL,₹57.30
OBEROI REALTY LIMITED,OBEROIRLTY,₹1818.60
ORIENTAL CARBN & CHEM LTD,OCCL,₹249.20
ORACLE FIN SERV SOFT LTD.,OFSS,₹11050.00
OIL INDIA LTD,OIL,₹570.00
OIL COUNTRY TUBULAR LTD.,OILCOUNTUB,₹--
ICICIPRAMC - OILIETF,,₹--
OLA ELECTRIC MOBILITY LTD,OLAELEC,₹99.90
OLECTRA GREENTECH LIMITED,OLECTRA,₹1651.95
OMAX AUTOS LTD,OMAXAUTO,₹121.52
OMAXE LIMITED,OMAXE,₹107.10
OMFURN INDIA LIMITED,OMFURN,₹--
OM INFRA LIMITED,OMINFRAL,₹170.99
ON DOOR CONCEPTS LIMITED,ONDOOR,₹400.95
ONELIFE CAP ADVISORS LTD,ONELIFECAP,₹--
ONE POINT ONE SOL LTD,ONEPOINT,₹68.70
OIL AND NATURAL GAS CORP.,ONGC,₹296.00
ONMOBILE GLOBAL LTD.,ONMOBILE,₹80.00
ONWARD TECHNOLOGIES LTD,ONWARDTEC,₹409.80
OPTIEMUS INFRACOM LTD,OPTIEMUS,₹701.00
ORBIT EXPORTS LIMITED,ORBTEXP,₹166.01
ORCHID PHARMA LIMITED,ORCHPHARMA,₹1292.90
ORIANA POWER LIMITED,ORIANA,₹2063.30
ORICON ENTERPRISES LTD,ORICONENT,₹37.95
ORIENTAL TRIMEX LTD,ORIENTALTL,₹--
ORIENT BELL LIMITED,ORIENTBELL,₹351.30
ORIENT CEMENT LTD.,ORIENTCEM,₹308.00
ORIENT CERATECH LIMITED,ORIENTCER,₹51.95
ORIENT ELECTRIC LIMITED,ORIENTELEC,₹240.20
ORIENT HOTELS LTD,ORIENTHOT,₹173.81
ORIENT PRESS LIMITED,ORIENTLTD,₹105.00
ORIENT PAPER AND INDS LTD,ORIENTPPR,₹46.44
ORIENT TECHNOLOGIES LTD,ORIENTTECH,₹264.00
ORISSA MIN DEV CO LTD,ORISSAMINE,₹9044.50
ORTIN GLOBAL LIMITED,ORTINGLOBE,₹19.81
OSIA HYPER RETAIL LIMITED,OSIAHYPER,₹--
OSWAL AGRO MILLS LTD,OSWALAGRO,₹--
OSWAL GREENTECH LIMITED,OSWALGREEN,₹56.21
SHREEOSWAL S AND CHE LTD,OSWALSEEDS,₹25.55
OWAIS METAL & MINERAL,OWAIS,₹1345.00
PAGE INDUSTRIES LTD,PAGEIND,₹42006.45
PAISALO DIGITAL LIMITED,PAISALO,₹57.90
PAKKA LIMITED,PAKKA,₹308.25
PALASH SECURITIES LTD,PALASHSECU,₹154.00
PALRED TECHNOLOGIES LTD,PALREDTEC,₹118.90
PANACEA BIOTEC LTD,PANACEABIO,₹300.00
PANACHE DIGILIFE LIMITED,PANACHE,₹--
PANAMA PETROCHEM LTD,PANAMAPET,₹392.70
PANSARI DEVELOPERS LTD,PANSARI,₹121.10
PAR DRUGS AND CHEM LTD,PAR,₹234.00
PARAMOUNT COMM LTD,PARACABLES,₹84.00
PARADEEP PHOSPHATES LTD,PARADEEP,₹86.00
PARAG MILK FOODS LTD.,PARAGMILK,₹212.04
PARAGON FINE S.C. LTD.,PARAGON,₹157.05
PARAMATRIX TECHNOLOGIES L,PARAMATRIX,₹111.40
PARAS DEF AND SPCE TECH L,PARAS,₹1093.80
PARAS PETROFILS LTD.,PARASPETRO,₹3.27
PARIN FURNITURE LIMITED,PARIN,₹316.00
PARKHOTELS,PARKHOTELS,₹164.89
PARSVNATH DEVELOPER LTD,PARSVNATH,₹--
PARTY CRUISERS LIMITED,PARTYCRUS,₹121.00
PASHUPATI COTSPIN LIMITED,PASHUPATI,₹502.00
PASUPATI ACRYLON LIMITED,PASUPTAC,₹52.99
PATANJALI FOODS LIMITED,PATANJALI,₹1633.10
PATEL ENGINEERING LTD.,PATELENG,₹56.19
PATEL INT. LOG. LTD,PATINTLOG,₹22.35
PATTECH FITWELL TUB COM L,PATTECH,₹166.50
PAVNA INDUSTRIES LIMITED,PAVNAIND,₹495.00
ONE 97 COMMUNICATIONS LTD,PAYTM,₹701.65
PCBL LIMITED,PCBL,₹546.70
PETRO CARBON AND CHEMI L,PCCL,₹245.65
PC JEWELLER LTD,PCJEWELLER,₹155.00
PUDUMJEE PAPER PRO. LTD,PDMJEPAPER,₹110.00
PDS LIMITED,PDSL,₹510.85
PEARL POLYMERS LTD,PEARLPOLY,₹38.62
PIRAMAL ENTERPRISES LTD,PEL,₹1035.55
PENNAR INDUSTRIES LTD,PENIND,₹184.15
PENINSULA LAND LIMITED,PENINLAND,₹50.76
PENTAGON RUBBER LIMITED,PENTAGON,₹108.00
PERSISTENT SYSTEMS LTD,PERSISTENT,₹5141.30
PETRONET LNG LIMITED,PETRONET,₹364.45
POWER FIN CORP LTD.,PFC,₹467.00
PFIZER LTD,PFIZER,₹5570.00
PRIME FOCUS LIMITED,PFOCUS,₹145.00
PTC INDIA FIN SERV LTD,PFS,₹47.50
PG ELECTROPLAST LTD,PGEL,₹615.05
P&G HYGIENE & HEALTH CARE,PGHH,₹16780.00
PROCTER & GAMBLE HEALTH L,PGHL,₹5511.80
PEARL GLOBAL IND LIMITED,PGIL,₹921.05
PHANTOM DIGITAL EFF LTD,PHANTOMFX,₹348.00
NIPPONAMC - NETFPHARMA,,₹348.00
THE PHOENIX MILLS LTD,PHOENIXLTD,₹1680.05
PIDILITE INDUSTRIES LTD,PIDILITIND,₹3270.00
POWER INSTRUMENT (G) LTD,PIGL,₹208.64
PI INDUSTRIES LTD,PIIND,₹4652.10
PILANI INV & IND COR LTD,PILANIINVS,₹5384.35
PIL ITALICA LIFESTYLE LTD,PILITA,₹15.07
PIONEER EMBROIDERIES LTD,PIONEEREMB,₹49.62
PITTI ENGINEERING LIMITED,PITTIENG,₹1335.75
PIX TRANSMISSIONS LIMITED,PIXTRANS,₹1564.00
THE P K TEA PROD CO LTD,PKTEA,₹565.00
PLADA INFOTECH SERVICES L,PLADAINFO,₹29.00
PLASTIBLENDS INDIA LTD,PLASTIBLEN,₹295.00
PLATINUM INDUSTRIES LTD,PLATIND,₹382.90
PLAZA WIRES LIMITED,PLAZACABLE,₹82.10
PUNJAB NATIONAL BANK,PNB,₹106.16
PNB GILTS LIMITED,PNBGILTS,₹120.65
PNB HOUSING FIN LTD.,PNBHOUSING,₹942.35
PRITISH NANDY COMMUNICATI,PNC,₹67.59
PNC INFRATECH LTD.,PNCINFRA,₹432.05
P N GADGIL JEWELLERS LTD,PNGJL,₹756.80
PONDY OXIDES & CHEM LTD,POCL,₹1910.00
PODDAR PIGMENTS LIMITED,PODDARMENT,₹406.50
POKARNA LIMITED,POKARNA,₹1015.35
PB FINTECH LIMITED,POLICYBZR,₹1705.00
POLYCAB INDIA LIMITED,POLYCAB,₹7329.00
POLY MEDICURE LIMITED,POLYMED,₹2356.20
POLYPLEX CORPORATION LTD,POLYPLEX,₹1138.00
POLYSIL IRRIGATION SYST L,POLYSIL,₹29.25
PONNIE SUGARS (ERODE) LTD,PONNIERODE,₹499.90
POONAWALLA FINCORP LTD,POONAWALLA,₹399.00
POSITRON ENERGY LIMITED,POSITRON,₹406.50
POWER GRID CORP. LTD.,POWERGRID,₹343.00
HITACHI ENERGY INDIA LTD,POWERINDIA,₹14015.50
POWER MECH PROJECTS LTD.,POWERMECH,₹6337.25
PPAP AUTOMOTIVE LIMITED,PPAP,₹211.42
PRAKASH PIPES LIMITED,PPL,₹588.00
PIRAMAL PHARMA LIMITED,PPLPHARMA,₹221.00
PICTUREPOST STUDIOS LTD,PPSL,₹33.00
PRAJAY ENG. SYN. LTD.,PRAENG,₹35.57
PRAJ INDUSTRIES LTD,PRAJIND,₹757.00
PRAKASH INDUSTRIES LTD,PRAKASH,₹176.00
PRAKASH STEELAGE LTD,PRAKASHSTL,₹8.83
PRAMARA PROMOTIONS LTD,PRAMARA,₹137.25
PRATHAM EPC PROJECTS LTD,PRATHAM,₹235.10
PRAXIS HOME RETAIL LTD,PRAXIS,₹--
PRECISION CAMSHAFTS LTD.,PRECAM,₹235.35
PRECISION METALIKS LTD,PRECISION,₹62.20
PRECOT LIMITED,PRECOT,₹428.90
PRECISION WIRES INDIA LTD,PRECWIRE,₹192.90
PREMIER EXPLOSIVES LTD,PREMEXPLN,₹511.40
PREMIER LIMITED,PREMIER,₹4.14
PREMIER ENERGIES LIMITED,PREMIERENE,₹1045.75
PREMIER POLYFILM LTD,PREMIERPOL,₹232.99
PRESSTONIC ENGINEERING L,PRESSTONIC,₹120.00
PRESTIGE ESTATE LTD,PRESTIGE,₹1735.00
PRICOL LIMITED,PRICOLLTD,₹476.00
PRIME SECURITIES LIMITED,PRIMESECU,₹277.95
PRINCE PIPES FITTINGS LTD,PRINCEPIPE,₹558.95
PRITI INTERNATIONAL LTD,PRITI,₹140.06
PRITIKA ENG COMPO LTD,PRITIKA,₹174.00
PRITIKA AUTO INDUS LTD,PRITIKAUTO,₹26.44
PRIVI SPECIALITY CHE LTD,PRIVISCL,₹1541.00
PRIZOR VIZTECH LIMITED,PRIZOR,₹191.00
PREMIER ROADLINES LIMITED,PRLIND,₹122.20
PROLIFE INDUSTRIES LTD,PROLIFE,₹229.35
P. E. ANALYTICS LIMITED,PROPEQUITY,₹265.20
PROVENTUS AGROCOM LIMITED,PROV,₹1686.00
PROZONE REALTY LIMITED,PROZONER,₹25.63
PRISM JOHNSON LIMITED,PRSMJOHNSN,₹204.83
PRUDENT CORP ADV SER LTD,PRUDENT,₹2490.05
PRUDENTIAL SUGAR CORPORAT,PRUDMOULI,₹--
PUNJAB & SIND BANK,PSB,₹53.20
PSP PROJECTS LIMITED,PSPPROJECT,₹649.05
KOTAK PSU BANK,,₹649.05
DSPAMC - DSPPSBKETF,,₹649.05
NIP IND ETF PSU BANK BEES,,₹649.05
ICICIPRAMC - PSUBANKICI,,₹649.05
PTC INDIA LIMITED,PTC,₹204.80
PTC INDUSTRIES LIMITED,PTCIL,₹13595.00
PTL ENTERPRISES LTD,PTL,₹43.90
PULZ ELECTRONICS LIMITED,PULZ,₹191.00
PUNJAB CHEM & CROP PROT L,PUNJABCHEM,₹1216.30
PURAVANKARA LIMITED,PURVA,₹383.95
PURV FLEXIPACK LIMITED,PURVFLEXI,₹221.95
PVP VENTURES LIMITED,PVP,₹--
PVR INOX LIMITED,PVRINOX,₹1620.00
POPULAR VEHICLES N SER L,PVSL,₹219.00
ICICIPRAMC - ICICIBANKP,,₹219.00
DSPAMC - DSPPVBKETF,,₹219.00
PYRAMID TECHNOPLAST LTD,PYRAMID,₹171.65
QUALITY FOILS (INDIA) LTD,QFIL,₹--
QUANTUM GOLD FUND,,₹--
QMS MEDICAL ALLIED S LTD,QMSMEDI,₹122.00
QUANTUM NIFTY 50 ETF,,₹122.00
QUADPRO ITES LIMITED,QUADPRO,₹5.80
ICICIPRAMC - ICICIQTY30,,₹5.80
QUESS CORP LIMITED,QUESS,₹745.20
QUEST LABORATORIES LTD,QUESTLAB,₹108.25
QUICK HEAL TECH LTD,QUICKHEAL,₹692.00
QUICKTOUCH TECHNOLOGIES L,QUICKTOUCH,₹143.20
QUINTEGRA SOLUTIONS LTD.,QUINTEGRA,₹1.71
QVC EXPORTS LIMITED,QVCEL,₹53.55
RACE ECO CHAIN LIMITED,RACE,₹381.55
RADAAN MEDIAWORKS (I) LTD,RADAAN,₹3.19
RADHIKA JEWELTECH LIMITED,RADHIKAJWE,₹140.01
RADIANT CASH MGMT SER LTD,RADIANTCMS,₹80.55
RADICO KHAITAN LTD,RADICO,₹2035.00
MUSIC BROADCAST LIMITED,RADIOCITY,₹15.93
RADIOWALLA NETWORK LTD,RADIOWALLA,₹115.20
RAILTEL CORP OF IND LTD,RAILTEL,₹442.00
RAIN INDUSTRIES LIMITED,RAIN,₹172.00
RAINBOW CHILDRENS MED LTD,RAINBOW,₹1377.15
RAJESH EXPORTS LTD,RAJESHEXPO,₹283.20
RAJPUTANA INDUSTRIES LTD,RAJINDLTD,₹85.25
RAJNANDINI METAL LIMITED,RAJMET,₹10.10
RAJRATAN GLOBAL WIRE LTD,RAJRATAN,₹549.55
RAJ RAYON INDUSTRIES LTD,RAJRILTD,₹24.21
RAJSHREE SUGAR & CHEMICAL,RAJSREESUG,₹75.30
RAJ TV NETWORK LTD,RAJTV,₹45.25
RALLIS INDIA LTD,RALLIS,₹317.00
SHREE RAMA NEWSPRINT LTD,RAMANEWS,₹20.19
RAMA PHOSPHATES LIMITED,RAMAPHO,₹200.67
RAMA STEEL TUBES LIMITED,RAMASTEEL,₹14.29
THE RAMCO CEMENTS LIMITED,RAMCOCEM,₹866.00
RAMCO INDUSTRIES LIMITED,RAMCOIND,₹240.00
RAMCO SYSTEMS LTD.,RAMCOSYS,₹386.50
RAMKY INFRA LTD,RAMKY,₹656.00
RAM RATNA WIRES LIMITED,RAMRAT,₹651.95
RANA SUGARS LTD.,RANASUG,₹22.20
RANE ENG VALVE LTD,RANEENGINE,₹479.25
RANE HOLDINGS LIMITED,RANEHOLDIN,₹1975.00
RATEGAIN TRAVEL TECHN LTD,RATEGAIN,₹737.95
RATNAMANI MET & TUB LTD.,RATNAMANI,₹3615.20
RATNAVEER PRECISION ENG L,RATNAVEER,₹188.65
RAYMOND LTD,RAYMOND,₹1660.00
RAYMOND LIFESTYLE LIMITED,RAYMONDLSL,₹2280.50
RESTAURANT BRAND ASIA LTD,RBA,₹111.00
RANE BRAKE LINING LTD,RBL,₹1190.00
RBL BANK LIMITED,RBLBANK,₹199.24
RBM INFRACON LIMITED,RBMINFRA,₹1049.00
RAMDEVBABA SOLVENT LTD,RBS,₹100.20
RBZ JEWELLERS LIMITED,RBZJEWEL,₹174.25
RAJGOR CASTOR DERIVATI L,RCDL,₹35.00
RASHTRIYA CHEMICALS & FER,RCF,₹175.49
RELIANCE COMMUNICATIONS L,RCOM,₹2.35
REC LIMITED,RECLTD,₹527.00
REDINGTON LIMITED,REDINGTON,₹183.79
REDTAPE LIMITED,REDTAPE,₹807.55
REFEX INDUSTRIES LIMITED,REFEX,₹549.95
REGENCYCERAMICS-LTD,REGENCERAM,₹--
RELAXO FOOT LTD.,RELAXO,₹794.00
RELIANCE CHEMOTEX IND LTD,RELCHEMQ,₹224.10
RELIABLE DATA SERVICE LTD,RELIABLE,₹80.99
RELIANCE INDUSTRIES LTD,RELIANCE,₹2787.00
RELIGARE ENTER. LTD.,RELIGARE,₹287.80
RELIANCE INFRASTRUCTU LTD,RELINFRA,₹305.95
RAVINDRA ENERGY LIMITED,RELTD,₹149.39
REMSONS INDUSTRIES LTD,REMSONSIND,₹220.39
REMUS PHARMACEUTICALS L,REMUS,₹2620.00
SHREE RENUKA SUGARS LTD,RENUKA,₹51.65
REPCO HOME FINANCE LTD,REPCOHOME,₹524.05
RUDRABHISHEK ENTERP LTD,REPL,₹194.40
REPRO INDIA LIMITED,REPRO,₹589.00
RESPONSIVE INDUSTRIES LTD,RESPONIND,₹266.70
JHS SVENDGAARD RETAIL V L,RETAIL,₹50.50
REVATHI EQUIPMENT INDIA L,REVATHIEQU,₹2450.30
REX PIPES AND CABLES LTD,REXPIPES,₹87.60
RENAISSANCE GLOBAL LTD,RGL,₹130.80
RELIANCE HOME FINANCE LTD,RHFL,₹5.01
RHI MAGNESITA INDIA LTD,RHIM,₹616.95
ROBUST HOTELS LIMITED,RHL,₹191.75
RICHA INFO SYSTEMS LTD,RICHA,₹96.15
RICO AUTO INDUSTRIES LTD,RICOAUTO,₹112.00
RELIANCE INDUSTRIAL INFRA,RIIL,₹1191.00
RISHABH INSTRUMENTS LTD,RISHABH,₹384.00
RITCO LOGISTICS LIMITED,RITCO,₹335.55
RITES LIMITED,RITES,₹318.70
RITE ZONE CHEMCON IND LTD,RITEZONE,₹45.00
RAVI KUMAR DIST. LTD.,RKDL,₹28.03
RKEC PROJECTS LIMITED,RKEC,₹132.39
RAMKRISHNA FORGINGS LTD,RKFORGE,₹965.00
R K SWAMY LIMITED,RKSWAMY,₹239.75
R M DRIP & SPRINK SYS LTD,RMDRIP,₹242.95
RANE (MADRAS) LIMITED,RML,₹1118.95
RNFI SERVICES LIMITED,RNFI,₹140.50
ROCKINGDEALS CIRCU ECO L,ROCKINGDCE,₹602.30
ROYAL ORCHID HOTELS LTD,ROHLTD,₹353.40
ROLEX RINGS LIMITED,ROLEXRINGS,₹2399.50
ROLLATAINERS LIMITED,ROLLT,₹--
RAJ OIL MILLS LIMITED,ROML,₹54.50
ROSSARI BIOTECH LIMITED,ROSSARI,₹886.20
ROSSELL INDIA LIMITED,ROSSELLIND,₹112.15
ROTO PUMPS LIMITED,ROTO,₹550.00
ROUTE MOBILE LIMITED,ROUTE,₹1556.00
ROX HI TECH LIMITED,ROXHITECH,₹114.40
RAGHAV PRODUCTIVITY ENH L,RPEL,₹1090.00
RPG LIFE SCIENCES LTD,RPGLIFE,₹2621.95
RELIANCE POWER LTD.,RPOWER,₹48.40
R.P.P INFRA PROJECTS LTD.,RPPINFRA,₹183.65
RAJSHREE POLYPACK LTD,RPPL,₹38.77
RPSG VENTURES LIMITED,RPSGVENT,₹1023.40
RASHI PERIPHERALS LIMITED,RPTECH,₹371.65
R R KABEL LIMITED,RRKABEL,₹1706.10
R. S. SOFTWARE (INDIA) LI,RSSOFTWARE,₹266.60
RSWM LIMITED,RSWM,₹205.00
R SYS INTERNATIONAL LTD,RSYSTEMS,₹488.30
RATTANINDIA ENT LIMITED,RTNINDIA,₹73.95
RATTANINDIA POWER LIMITED,RTNPOWER,₹16.95
RUBFILA INTERNATIONAL LTD,RUBFILA,₹80.25
THE RUBY MILLS LTD,RUBYMILLS,₹282.00
RUCHI INFRASTRUCTURE LTD,RUCHINFRA,₹13.64
RUCHIRA PAPERS LIMITED,RUCHIRA,₹128.05
RUPA & COMPANY LTD,RUPA,₹287.45
RUSHIL DECOR LIMITED,RUSHIL,₹35.60
KEYSTONE REALTORS LIMITED,RUSTOMJEE,₹698.60
RAVINDER HEIGHTS LIMITED,RVHL,₹63.00
RAIL VIKAS NIGAM LIMITED,RVNL,₹490.40
S&S POWER SWITCHGEARS,S&SPOWER,₹439.00
SABAR FLEX INDIA LIMITED,SABAR,₹19.60
SAB EVENTS & GOVERNANCE,SABEVENTS,₹11.13
SRI ADHIKARI BRO TELE N L,SABTNL,₹--
SADBHAV ENGINEERING LTD,SADBHAV,₹35.09
SADBHAV INFRA PROJ LTD.,SADBHIN,₹6.80
SADHAV SHIPPING LIMITED,SADHAV,₹180.00
SADHANA NITROCHEM LIMITED,SADHNANIQ,₹55.95
SAFARI IND (INDIA) LTD,SAFARI,₹2535.00
SAGARDEEP ALLOYS LIMITED,SAGARDEEP,₹27.60
SAGAR CEMENTS LIMITED,SAGCEM,₹231.97
SAH POLYMERS LIMITED,SAH,₹91.75
SAHAJ FASHIONS LIMITED,SAHAJ,₹18.00
SAHAJ SOLAR LIMITED,SAHAJSOLAR,₹620.00
SAHANA SYSTEM LIMITED,SAHANA,₹1275.00
SAHYADRI INDUSTRIES LTD,SAHYADRI,₹357.00
SAMEERA AGRO AND INFRA L,SAIFL,₹107.00
STEEL AUTHORITY OF INDIA,SAIL,₹139.97
SAKAR HEALTHCARE LIMITED,SAKAR,₹313.50
SAKTHI SUGARS LTD,SAKHTISUG,₹43.39
SAKSOFT LIMITED,SAKSOFT,₹252.30
SAKUMA EXPORTS LIMITED,SAKUMA,₹4.98
SALASAR TECHNO ENGG. LTD.,SALASAR,₹19.04
SALONA COTSPIN LTD.,SALONA,₹274.80
S.A.L. STEEL LTD.,SALSTEEL,₹29.49
SALZER ELECTRONICS LTD,SALZERELEC,₹928.70
SAMBHAAV MEDIA LTD,SAMBHAAV,₹6.18
SAMHI HOTELS LIMITED,SAMHI,₹198.65
SAMMAAN CAPITAL LIMITED,SAMMAANCAP,₹160.00
SAMPANN UTPADAN INDIA LTD,SAMPANN,₹29.49
SANDESH LTD,SANDESH,₹1813.00
SANDHAR TECHNOLOGIES LTD,SANDHAR,₹579.00
SANDUR MANG & IRON ORES L,SANDUMA,₹488.10
SANGAM (INDIA) LTD,SANGAMIND,₹453.85
SANGANI HOSPITALS LIMITED,SANGANI,₹44.35
SANGHI INDUSTRIES LTD,SANGHIIND,₹83.38
SANGHVI MOVERS LTD,SANGHVIMOV,₹384.50
SANGINITA CHEMICALS LTD,SANGINITA,₹15.62
SANOFI INDIA LIMITED,SANOFI,₹6970.40
SANOFI CONS HEALTHC IND L,SANOFICONR,₹5080.00
SANSERA ENGINEERING LTD,SANSERA,₹1621.00
SANSTAR LIMITED,SANSTAR,₹130.80
SAPPHIRE FOODS INDIA LTD,SAPPHIRE,₹352.10
SARDA ENERGY & MIN LTD,SARDAEN,₹494.95
SAREGAMA INDIA LIMITED,SAREGAMA,₹642.00
SARLA PERF. FIBERS LTD,SARLAPOLY,₹90.00
SAROJA PHARMA INDUS IND L,SAROJA,₹--
SAR TELEVENTURE LIMITED,SARTELE,₹343.90
SARVESHWAR FOODS LIMITED,SARVESHWAR,₹10.30
SASKEN TECHNOLOGIES LTD,SASKEN,₹1453.00
SASTASUNDAR VENTURES LTD,SASTASUNDR,₹301.85
S A TECH SOFTWARE INDIA L,SATECH,₹160.00
SATIA INDUSTRIES LIMITED,SATIA,₹116.45
SATIN CREDIT NET LTD,SATIN,₹182.50
SAT INDUSTRIES LIMITED,SATINDLTD,₹127.96
SATI POLY PLAST LIMITED,SATIPOLY,₹199.05
SAURASHTRA CEMENT LIMITED,SAURASHCEM,₹117.20
SBC EXPORTS LIMITED,SBC,₹33.00
SHIVALIK BIMETAL CON. LTD,SBCL,₹625.00
SBFC FINANCE LIMITED,SBFC,₹90.95
SURATWWALA BUS GROUP LTD,SBGLP,₹114.00
SBI CARDS & PAY SER LTD,SBICARD,₹744.05
SBIAMC - SBIETFCON,,₹744.05
SBIAMC - SBIETFIT,,₹744.05
SBIAMC - SBIETFPB,,₹744.05
SBIAMC - SBIETFQLTY,,₹744.05
SBI LIFE INSURANCE CO LTD,SBILIFE,₹1800.00
STATE BANK OF INDIA,SBIN,₹800.00
SBIAMC - SBINEQWETF,,₹800.00
SBIAMC - SBISILVER,,₹800.00
SCHAEFFLER INDIA LIMITED,SCHAEFFLER,₹3870.00
S CHAND AND COMPANY LTD,SCHAND,₹212.65
SCHNEIDER ELECTRIC INFRA,SCHNEIDER,₹794.00
SHIPPING CORP OF INDIA LT,SCI,₹249.90
SHIPPING CORP OF ILA LTD,SCILAL,₹68.50
SHARP CHUCKS N MACHINES L,SCML,₹120.50
SHEETAL COOL PRODUCTS LTD,SCPL,₹380.00
SOM DIST & BREW LTD,SDBL,₹112.50
RELCAPAMC-NETFSDL26,,₹112.50
SEAMEC LIMITED,SEAMECLTD,₹1397.00
SALASAR EXTERIOR CONT LTD,SECL,₹26.30
SECMARK CONSULTANCY LTD,SECMARK,₹89.23
SECUR CREDENTIALS LIMITED,SECURCRED,₹--
SECUREKLOUD TECH LIMITED,SECURKLOUD,₹32.99
SEJAL GLASS LIMITED,SEJALLTD,₹479.80
SUNGARNER ENERGIES LTD,SEL,₹559.00
SELAN EXPLO. TECH LTD,SELAN,₹866.80
SEL MANUFACTURING CO LTD,SELMC,₹54.55
SEMAC CONSULTANTS LIMITED,SEMAC,₹411.00
SENCO GOLD LIMITED,SENCO,₹1400.00
DSPAMC - DSPSENXETF,,₹1400.00
MIRAEAMC - SENSEXETF,,₹1400.00
ICICI PRUD SENSEX ETF,,₹1400.00
SEPC LIMITED,SEPC,₹28.40
SEQUENT SCIENTIFIC LTD.,SEQUENT,₹209.00
SERVICE CARE LIMITED,SERVICE,₹95.25
SERVOTECH POWER SYS LTD.,SERVOTECH,₹179.40
SESHASAYEE PAPER & BOARDS,SESHAPAPER,₹337.10
SETCO AUTOMOTIVE LTD,SETCO,₹12.16
SBIAMC - SETF10GILT,,₹12.16
SBI-ETF GOLD,,₹12.16
SBI-ETF NIFTY 50,,₹12.16
SBI-ETF NIFTY BANK,,₹12.16
SBI-ETF NIFTY NEXT 50,,₹12.16
SEYA INDUSTRIES LIMITED,SEYAIND,₹29.92
SHEELA FOAM LIMITED,SFL,₹910.00
SYNERGY GREEN IND. LTD,SGIL,₹412.00
STL GLOBAL LIMITED,SGL,₹17.85
SHAH METACORP LIMITED,SHAH,₹--
SHAH ALLOYS LIMITED,SHAHALLOYS,₹87.60
SHAILY ENG PLASTICS LTD,SHAILY,₹969.05
SHAKTI PUMPS (I) LTD,SHAKTIPUMP,₹4635.00
SHALBY LIMITED,SHALBY,₹272.00
SHALIM PAINTS LTD,SHALPAINTS,₹136.00
SHANKARA BLDG PRODUCT LTD,SHANKARA,₹505.35
SHANTHALA FMCG PRODUCTS L,SHANTHALA,₹--
SHANTI OVERSEAS INDIA LTD,SHANTI,₹17.12
SHANTHI GEARS LTD,SHANTIGEAR,₹622.70
SHARDA CROPCHEM LTD.,SHARDACROP,₹569.90
SHARDA MOTOR INDS LTD,SHARDAMOTR,₹2332.00
SHARE IND. SECURITIES LTD,SHAREINDIA,₹314.95
NIP IND ETF SHARIAH BEES,,₹314.95
SHEETAL UNIVERSAL LIMITED,SHEETAL,₹65.50
SHEKHAWATI INDUSTRIES LTD,SHEKHAWATI,₹43.97
SHEMAROO ENTER. LTD.,SHEMAROO,₹188.35
SHERA ENERGY LIMITED,SHERA,₹180.15
SHIGAN QUANTUM TECH LTD,SHIGAN,₹127.20
SHILPA MEDICARE LTD,SHILPAMED,₹806.95
SHIVALIK RASAYAN LIMITED,SHIVALIK,₹614.95
SHIVAM AUTO.LTD,SHIVAMAUTO,₹43.02
SHIVA MILLS LIMITED,SHIVAMILLS,₹91.01
SHIVA TEXYARN LIMITED,SHIVATEX,₹208.15
S H KELKAR AND CO. LTD.,SHK,₹307.00
SHOPPERS STOP LIMITED,SHOPERSTOP,₹794.45
SHRADHA INFRAPROJECTS LTD,SHRADHA,₹--
SHREE DIGVIJAY CEM CO LTD,SHREDIGCEM,₹93.35
SHREE CEMENT LIMITED,SHREECEM,₹26034.20
SHREE OSFM E-MOBILITY LTD,SHREEOSFM,₹152.10
SHRE PUSH CHEM & FERT LTD,SHREEPUSHK,₹260.00
SHREE RAMA MULTI TECH LTD,SHREERAMA,₹--
SHRENIK LIMITED,SHRENIK,₹0.85
SHREYANS INDUSTRIES LTD,SHREYANIND,₹265.00
SHREYAS SHIPPING & LOGIST,SHREYAS,₹339.65
SHRIRAM PIST. & RING LTD,SHRIPISTON,₹2070.10
SHRIRAM FINANCE LIMITED,SHRIRAMFIN,₹3369.80
SHRIRAM PROPERTIES LTD,SHRIRAMPPS,₹122.13
SHRI TECHTEX LIMITED,SHRITECH,₹62.50
SHUBHLAXMI JEWEL ART LTD,SHUBHLAXMI,₹43.65
SHUBHSHREE BIOFUELS ENE L,SHUBHSHREE,₹240.95
SHYAM CENTURY FERROUS LTD,SHYAMCENT,₹17.71
SHYAM METALICS AND ENGY L,SHYAMMETL,₹916.70
SHYAM TELECOM LIMITED,SHYAMTEL,₹13.10
SICAL LOGISTICS LIMITED,SICALLOG,₹203.00
SIDDHIKA COATINGS LIMITED,SIDDHIKA,₹131.50
SIEMENS LTD,SIEMENS,₹7345.00
SIGACHI INDUSTRIES LTD,SIGACHI,₹54.01
SIGNET INDUSTRIES LIMITED,SIGIND,₹72.65
SIGMA SOLVE LIMITED,SIGMA,₹365.00
SIGNATUREGLOBAL INDIA LTD,SIGNATURE,₹1591.85
SIGNORIA CREATION LIMITED,SIGNORIA,₹135.00
SIGNPOST INDIA LIMITED,SIGNPOST,₹249.00
SIKKO INDUSTRIES LIMITED,SIKKO,₹100.00
STANDARD INDUSTRIES LTD.,SIL,₹26.89
SILGO RETAIL LIMITED,SILGO,₹44.50
SIL INVESTMENTS LIMITED,SILINV,₹603.40
SILKFLEX POLYMERS INDIA L,SILKFLEX,₹85.00
SILLY MONKS ENTERTAIN LTD,SILLYMONKS,₹21.80
BIRLASLAMC - SILVER,,₹21.80
KOTAKMAMC - KOTAKSILVE,,₹21.80
DSPAMC - DSPSILVETF,,₹21.80
NIPPONAMC - NETFSILVER,,₹21.80
UTIAMC - SILVERETF,,₹21.80
ICICIPRAMC - ICICISILVE,,₹21.80
SILVER TOUCH TECHNO LTD,SILVERTUC,₹730.75
MIRAEAMC - MASILVER,,₹730.75
SIMBHAOLI SUGARS LTD.,SIMBHALS,₹25.27
SIMPLEX INFRASTRUCTURES L,SIMPLEXINF,₹221.50
SINCLAIRS HOTELS LIMITED,SINCLAIR,₹99.04
SINDHU TRADE LINKS LTD,SINDHUTRAD,₹21.70
SINTERCOM INDIA LIMITED,SINTERCOM,₹161.99
SIRCA PAINT INDIA LIMITED,SIRCA,₹336.25
SIS LIMITED,SIS,₹401.30
SITI NETWORKS LIMITED,SITINET,₹0.92
SIYARAM SILK MILLS LTD,SIYSIL,₹485.05
S J LOGISTICS (INDIA) LTD,SJLOGISTIC,₹589.00
SJS ENTERPRISES LIMITED,SJS,₹960.40
SJVN LTD,SJVN,₹126.02
SKF INDIA LTD,SKFINDIA,₹5342.00
SKIPPER LIMITED,SKIPPER,₹490.00
SKM EGG PROD EXPORT(I) LT,SKMEGGPROD,₹250.15
SKP BEARING INDUSTRI. LTD,SKP,₹225.00
SKY GOLD LIMITED,SKYGOLD,₹2725.00
MIRAEAMC - SMALLCAP,,₹2725.00
SMARTLINK HOLDINGS LTD,SMARTLINK,₹267.00
SMC GLOBAL SECURITIES LTD,SMCGLOBAL,₹148.50
SML ISUZU LIMITED,SMLISUZU,₹1895.10
SARTHAK METALS LIMITED,SMLT,₹178.28
SMS LIFESCIENCES (I) LTD,SMSLIFE,₹--
SMS PHARMACEUTICALS LTD.,SMSPHARMA,₹365.35
SMVD POLY PACK LIMITED,SMVD,₹--
SNOWMAN LOGISTICS LTD.,SNOWMAN,₹79.60
SOBHA LIMITED,SOBHA,₹1772.00
SOFTTECH ENGINEERS LTD,SOFTTECH,₹360.35
SOLARA ACTIVE PHA SCI LTD,SOLARA,₹760.00
SOLAR INDUSTRIES (I) LTD,SOLARINDS,₹10865.00
SOLEX ENERGY LIMITED,SOLEX,₹1635.00
SOMANY CERAMICS LIMITED,SOMANYCERA,₹739.90
SOMA TEXTILES & INDUST LT,SOMATEX,₹39.20
SOMI CONVEYOR BELT. LTD.,SOMICONVEY,₹152.00
SONA BLW PRECISION FRGS L,SONACOMS,₹711.00
SONA MACHINERY LIMITED,SONAMAC,₹175.00
SONAM LIMITED,SONAMLTD,₹77.60
SONATA SOFTWARE LTD,SONATSOFTW,₹605.50
SAVITA OIL TECHNOLO. LTD,SOTL,₹554.95
THE SOUTH INDIAN BANK LTD,SOUTHBANK,₹24.40
SOUTH WEST PINNACLE LTD,SOUTHWEST,₹120.13
S. P. APPARELS LIMITED,SPAL,₹913.00
SPANDANA SPHOORTY FIN LTD,SPANDANA,₹570.40
SUN PHARMA ADV.RES.CO.LTD,SPARC,₹209.50
SPACENET ENTERS IND LTD,SPCENET,₹24.12
SHIVALIC POWER CONTROL L,SPCL,₹208.90
SPECIALITY REST LTD,SPECIALITY,₹168.77
SPECTRUM ELECTRIC IND LTD,SPECTRUM,₹1610.05
SPECTRUM TALENT MGMT LTD,SPECTSTM,₹151.30
SPENCER S RETAIL LIMITED,SPENCERS,₹99.45
SPIC LTD,SPIC,₹84.70
SPL INDUSTRIES LIMITED,SPLIL,₹59.54
SUPREME PETROCHEM LIMITED,SPLPETRO,₹842.10
SPML INFRA LIMITED,SPMLINFRA,₹266.70
SPORTKING INDIA LIMITED,SPORTKING,₹116.00
SPP POLYMER LIMITED,SPPPOLY,₹44.50
SREELEATHERS LIMITED,SREEL,₹281.90
SRF LTD,SRF,₹2421.90
SRG HOUSING FINANCE L,SRGHFL,₹355.00
SREE RAYALSEEMA HHP LTD.,SRHHYPOLTD,₹692.00
SRIVASAVI ADHESIVE TAPE L,SRIVASAVI,₹105.10
SRM CONTRACTORS LIMITED,SRM,₹265.95
SHREE RAM PROTEINS LTD.,SRPL,₹1.17
SARASWATI SAREE DEPOT LTD,SSDL,₹148.49
SATHLOKHAR SYN E&C GLOB L,SSEGL,₹415.00
SRIVARI SPICES N FOODS L,SSFL,₹325.65
STEEL STRIPS WHEELS LTD.,SSWL,₹213.34
STANLEY LIFESTYLES LTD,STANLEY,₹476.25
STRIDES PHARMA SCI LTD,STAR,₹1463.10
STAR CEMENT LIMITED,STARCEMENT,₹214.00
STAR HEALTH & AL INS CO L,STARHEALTH,₹581.00
STAR PAPER MILLS LTD,STARPAPER,₹224.55
STARTECK FINANCE LIMITED,STARTECK,₹269.85
THE STATE TRADING CORPN,STCINDIA,₹166.00
STEELCAST LIMITED,STEELCAS,₹790.00
STEEL CITY SECURITIES LTD,STEELCITY,₹94.20
STEEL EXCHANGE INDIA LTD,STEELXIND,₹12.55
STEL HOLDINGS LIMITED,STEL,₹530.30
STERLING TOOLS LIMITED,STERTOOLS,₹562.00
STERLITE TECHNOLOGIES LTD,STLTECH,₹125.06
STOVE KRAFT LIMITED,STOVEKRAFT,₹867.85
STYLAM INDUSTRIES LIMITED,STYLAMIND,₹2157.00
BAAZAR STYLE RETAIL LTD,STYLEBAAZA,₹386.00
STYRENIX PERFORMANCE LTD,STYRENIX,₹2565.00
SUBEX LTD,SUBEXLTD,₹28.05
SUBROS LIMITED,SUBROS,₹720.00
SUDARSHAN CHEMICAL INDS L,SUDARSCHEM,₹1040.50
SUKHJIT STARCH & CHEM LTD,SUKHJITS,₹568.90
SULA VINEYARDS LIMITED,SULA,₹453.50
SUMEET IND LIMITED,SUMEETINDS,₹--
SUMITOMO CHEM INDIA LTD,SUMICHEM,₹555.00
SUMIT WOODS LIMITED,SUMIT,₹145.90
SUMMIT SECURITIES LTD,SUMMITSEC,₹2652.40
SUNDARAM CLAYTON LIMITED,SUNCLAY,₹2357.35
SUNDARAM MULTI PAP LTD,SUNDARAM,₹2.87
SUNDARAM FINANCE LTD,SUNDARMFIN,₹5139.00
SUNDARAM FINANCE HOLD LTD,SUNDARMHLD,₹333.00
SUNDARAMBRAKE LININGS LTD,SUNDRMBRAK,₹965.00
SUNDRAM FASTENERS LTD,SUNDRMFAST,₹1418.45
SUNFLAG IRON AND STEEL CO,SUNFLAG,₹228.79
SUNLITE RECYCLING IND LTD,SUNLITE,₹153.00
SUN PHARMACEUTICAL IND L,SUNPHARMA,₹1910.05
SUNREST LIFESCIENCE LTD,SUNREST,₹60.00
SUNTECK REALTY LIMITED,SUNTECK,₹566.20
SUN TV NETWORK LIMITED,SUNTV,₹811.85
SUPERHOUSE LIMITED,SUPERHOUSE,₹228.45
SUPER SPINNING MILLS LTD,SUPERSPIN,₹11.87
SUPRAJIT ENGINEERING LTD,SUPRAJIT,₹506.00
SUPREME ENGINEERING LTD,SUPREMEENG,₹3.39
SUPREME INDUSTRIES LTD,SUPREMEIND,₹5205.70
SUPRIYA LIFESCIENCE LTD,SUPRIYA,₹567.90
SURAJ ESTATE DEVELOPERS L,SURAJEST,₹751.20
SURAJ LIMITED,SURAJLTD,₹--
SURANA SOLAR LIMITED,SURANASOL,₹59.00
SURANA TELECOM AND POW LT,SURANAT&P,₹22.00
SURANI STEEL TUBES LTD.,SURANI,₹276.00
SURYALAKSHMI COT MIL LTD,SURYALAXMI,₹88.53
SURYA ROSHNI LTD,SURYAROSNI,₹725.00
SURYODAY SMALL FIN BK LTD,SURYODAY,₹171.50
SUTLEJ TEXT & INDUS LTD,SUTLEJTEX,₹66.30
SUUMAYA INDUSTRIES LTD,SUULD,₹5.09
SUVEN LIFE SCIENCES LTD,SUVEN,₹141.50
SUVEN PHARMACEUTICALS LTD,SUVENPHAR,₹1190.30
SUVIDHAA INFOSERVE LTD,SUVIDHAA,₹5.25
SUYOG TELEMATICS LIMITED,SUYOG,₹1548.90
SUZLON ENERGY LIMITED,SUZLON,₹75.64
SHREE VASU LOGISTICS LTD,SVLL,₹316.00
SVP GLOBAL TEXTILES LTD,SVPGLOB,₹6.63
SWAN ENERGY LIMITED,SWANENERGY,₹566.00
SWARAJ SUITING LIMITED,SWARAJ,₹289.95
SWARAJ ENGINES LTD,SWARAJENG,₹3106.00
SWASTIK PIPE LIMITED,SWASTIK,₹65.20
SWELECT ENERGY SYS LTD,SWELECTES,₹1161.00
STRLNG & WIL REN ENE LTD,SWSOLAR,₹552.25
SYLVAN PLYBOARD (INDIA) L,SYLVANPLY,₹92.40
SYMPHONY LIMITED,SYMPHONY,₹1612.00
SYNCOM FORMU (I) LTD,SYNCOMF,₹21.09
SYNGENE INTERNATIONAL LTD,SYNGENE,₹865.00
SYNOPTICS TECHNOLOGIES L,SYNOPTICS,₹119.00
SYRMA SGS TECHNOLOGY LTD,SYRMA,₹419.90
SYSTANGO TECHNOLOGIES LTD,SYSTANGO,₹254.00
TAC INFOSEC LIMITED,TAC,₹735.00
TAINWALA CHEMICAL AND PLA,TAINWALCHM,₹226.00
TAJ GVK HOTELS & RESORTS,TAJGVK,₹304.00
TAKE SOLUTIONS LTD,TAKE,₹20.70
TALBROS AUTO. COMP. LTD,TALBROAUTO,₹320.85
TANLA PLATFORMS LIMITED,TANLA,₹884.00
TAPI FRUIT PROCESSING LTD,TAPIFRUIT,₹112.65
TARA CHAND INFRA SOLN LTD,TARACHAND,₹364.30
TARAPUR TRANSFORMERS LTD,TARAPUR,₹19.13
TARC LIMITED,TARC,₹255.50
TRANS & RECTI. LTD,TARIL,₹670.00
TARMAT LIMITED,TARMAT,₹82.30
TARSONS PRODUCTS LIMITED,TARSONS,₹441.90
TASTY BITE EATABLES LTD,TASTYBITE,₹12736.45
TATA CHEMICALS LTD,TATACHEM,₹1142.00
TATA COMMUNICATIONS LTD,TATACOMM,₹2143.00
TATA CONSUMER PRODUCT LTD,TATACONSUM,₹1150.00
TATA ELXSI LIMITED,TATAELXSI,₹7580.00
TATAAML-TATAGOLD,,₹7580.00
TATA INVESTMENT CORP LTD,TATAINVEST,₹6640.00
TATA MOTORS LIMITED,TATAMOTORS,₹942.00
TATA POWER CO LTD,TATAPOWER,₹467.90
TATA STEEL LIMITED,TATASTEEL,₹167.10
TATA TECHNOLOGIES LIMITED,TATATECH,₹1065.00
TATAAML-TATSILV,,₹1065.00
TATVA CHIN PHARM CHEM LTD,TATVA,₹1035.00
TBO TEK LIMITED,TBOTEK,₹1770.00
TRIB BHIMJI ZAVERI LTD,TBZ,₹269.10
TRANSPORT CORPN OF INDIA,TCI,₹1074.10
TCI EXPRESS LIMITED,TCIEXP,₹1068.00
TCIFINANCELTD-ROLL SETT,TCIFINANCE,₹13.67
THAAI CASTING LIMITED,TCL,₹175.00
TANTIA CONSTRUCTIONS LTD,TCLCONS,₹--
TCPL PACKAGING LIMITED,TCPLPACK,₹3281.55
TATA CONSULTANCY SERV LT,TCS,₹4273.90
TD POWER SYSTEMS LTD.,TDPOWERSYS,₹398.00
TEAMLEASE SERVICES LTD.,TEAMLEASE,₹3041.35
BIRLASLAMC - TECH,,₹3041.35
TECH MAHINDRA LIMITED,TECHM,₹1624.95
TECHNO ELEC & ENG CO. LTD,TECHNOE,₹1540.00
TECIL CHEMICALS,TECILCHEM,₹28.49
TEGA INDUSTRIES LIMITED,TEGA,₹1933.55
TEJAS NETWORKS LIMITED,TEJASNET,₹1193.55
TEMBO GLOBAL IND LTD,TEMBO,₹--
TERA SOFTWARE LIMITED,TERASOFT,₹85.82
TEXMACO INFRA & HOLDG LTD,TEXINFRA,₹117.25
TEXMO PIPE & PRODUCTS LTD,TEXMOPIPES,₹72.05
TEXMACO RAIL & ENG. LTD.,TEXRAIL,₹200.20
TOURISM FINANCE CORP. OF,TFCILTD,₹159.50
TRANSWARRANTY FIN. LTD.,TFL,₹32.55
TGB BANQUETS&HOTELS LTD,TGBHOTELS,₹15.25
THANGAMAYIL JEWELLERY LTD,THANGAMAYL,₹2469.75
THE INVEST TRUST OF IND L,THEINVEST,₹200.78
THEJO ENGINEERING LIMITED,THEJO,₹2571.00
THEMIS MEDICARE LTD.,THEMISMED,₹281.60
THERMAX LTD,THERMAX,₹5189.95
THOMAS COOK (INDIA) LTD,THOMASCOOK,₹203.77
THOMAS SCOTT (INDIA) LTD,THOMASCOTT,₹241.25
THYROCARE TECH LTD,THYROCARE,₹798.10
TILAKNAGAR INDUSTRIES LTD,TI,₹283.00
TIDE WATER OIL LTD,TIDEWATER,₹2221.00
TECHNOCRAFT IND LTD,TIIL,₹3190.00
TUBE INVEST OF INDIA LTD,TIINDIA,₹4178.05
TIJARIA POLYPIPES LTD,TIJARIA,₹11.92
TIL LTD,TIL,₹312.85
TIMESCAN LOGISTICS IND L,TIMESCAN,₹87.20
TIMES GUARANTY LIMITED,TIMESGTY,₹143.90
TIME TECHNOPLAST LTD.,TIMETECHNO,₹379.60
TIMKEN INDIA LTD.,TIMKEN,₹3670.00
TIPS FILMS LIMITED,TIPSFILMS,₹658.85
TIPS MUSIC LIMITED,TIPSMUSIC,₹718.70
THIRUMALAI CHEMICALS LTD,TIRUMALCHM,₹321.75
SHREE TIRUPATI BALAJEE,TIRUPATI,₹777.00
TIRUPATI FORGE LIMITED,TIRUPATIFL,₹--
TITAGARH RAIL SYSTEMS LTD,TITAGARH,₹1151.85
TITAN COMPANY LIMITED,TITAN,₹3739.95
TAMILNAD MERCA BANK LTD,TMB,₹464.00
TATAAML - TNIDETF,,₹464.00
TAMILNADU PETROPRODUCTS L,TNPETRO,₹90.31
TAMILNADU NEWSPRT & PAPER,TNPL,₹208.50
TAMILNADU TELECOMMUNICATI,TNTELE,₹10.64
TOKYO PLAST  INTL LTD.,TOKYOPLAST,₹122.00
TOLINS TYRES LIMITED,TOLINS,₹187.00
ZERODHAAMC - TOP100CASE,,₹187.00
DSPAMC - TOP10ADD,,₹187.00
TORRENT PHARMACEUTICALS L,TORNTPHARM,₹3490.00
TORRENT POWER LTD,TORNTPOWER,₹1857.90
TOTAL TRANSPORT SYS LTD,TOTAL,₹89.90
TOUCHWOOD ENTERTAIN LTD.,TOUCHWOOD,₹155.00
TEAMO PRODUCTIONS HQ LTD,TPHQ,₹1.35
TPL PLASTECH LIMITED,TPLPLASTEH,₹101.00
TRACXN TECHNOLOGIES LTD,TRACXN,₹87.37
TRANSTEEL SEATING TECH L,TRANSTEEL,₹64.50
TREE HOUSE EDU LTD,TREEHOUSE,₹17.22
TREJHARA SOLUTIONS LTD,TREJHARA,₹274.00
TRANSINDIA REAL ESTATE L,TREL,₹43.09
TRENT LTD,TRENT,₹7307.20
TRF LIMITED,TRF,₹485.30
TRIDENT LIMITED,TRIDENT,₹35.93
TRIDHYA TECH LIMITED,TRIDHYA,₹31.45
TRIGYN TECHNOLOGIES LTD,TRIGYN,₹127.39
TRIVENI TURBINE LIMITED,TRITURBINE,₹689.90
TRIVENI ENGG. & INDS. LTD,TRIVENI,₹473.20
TROM INDUSTRIES LIMITED,TROM,₹220.00
TRUCAP FINANCE LIMITED,TRU,₹29.44
TTK HEALTHCARE LIMITED,TTKHLTCARE,₹1592.05
TTK PRESTIGE LTD,TTKPRESTIG,₹907.00
T T LIMITED,TTL,₹117.00
TATA TELESERV(MAHARASTRA),TTML,₹81.21
TUNWAL E-MOTORS LIMITED,TUNWAL,₹46.15
TV18 BROADCAST LIMITED,TV18BRDCST,₹43.44
TVS ELECTRONICS LTD,TVSELECT,₹406.90
TVS HOLDINGS LIMITED,TVSHLTD,₹13401.00
TVS MOTOR COMPANY  LTD,TVSMOTOR,₹2729.00
TVS SUPPLY CHAIN SOL L,TVSSCS,₹198.95
TVS SRICHAKRA LIMITED,TVSSRICHAK,₹4158.30
TV TODAY NETWORK LTD,TVTODAY,₹230.05
TV VISION LIMITED,TVVISION,₹--
UNITED BREWERIES LTD,UBL,₹2133.20
UCAL LIMITED,UCAL,₹186.80
USHANTI COLOUR CHEM LTD,UCL,₹58.00
UCO BANK,UCOBANK,₹47.01
UDAIPUR CEMENT WORKS LTD,UDAICEMENT,₹31.65
UPDATER SERVICES LIMITED,UDS,₹373.80
UJAAS ENERGY LIMITED,UEL,₹612.55
UFLEX LIMITED,UFLEX,₹688.00
UFO MOVIEZ INDIA LTD.,UFO,₹132.45
THE UGAR SUGAR WORKS LTD,UGARSUGAR,₹88.04
UGRO CAPITAL LIMITED,UGROCAP,₹246.80
UJJIVAN SMALL FINANC BANK,UJJIVANSFB,₹41.00
ULTRATECH CEMENT LIMITED,ULTRACEMCO,₹11700.00
UMA CONVERTER LIMITED,UMA,₹--
UMA EXPORTS LIMITED,UMAEXPORTS,₹110.69
UMANG DAIRIES LIMITED,UMANGDAIRY,₹96.08
USHA MARTIN EDU & SOL LTD,UMESLTD,₹6.45
UNICHEM LABORATORIES LTD,UNICHEMLAB,₹634.05
UNITED DRILLING TOOLS LTD,UNIDT,₹248.10
UNICOMMERCE ESOLUTIONS L,UNIECOM,₹208.54
UNIPHOS ENTERPRISES LTD,UNIENTER,₹172.15
UNIHEALTH CONSULTANCY LTD,UNIHEALTH,₹159.75
UNIINFO TELECOM SERVI LTD,UNIINFO,₹38.00
UNION BANK OF INDIA,UNIONBANK,₹119.45
UNIPARTS INDIA LIMITED,UNIPARTS,₹472.90
UNITED SPIRITS LIMITED,UNITDSPR,₹1565.00
UNITED POLYFAB GUJ. LTD.,UNITEDPOLY,₹128.00
UNITED NILGIRI TEA LTD,UNITEDTEA,₹475.00
UNIVA FOODS LIMITED,UNIVAFOODS,₹8.79
UNIVASTU INDIA LIMITED,UNIVASTU,₹211.50
UNIVERSAL CABLES LTD,UNIVCABLES,₹657.90
UNIVERSUS IMAGINGS LTD,UNIVPHOTO,₹393.95
UNO MINDA LIMITED,UNOMINDA,₹1046.00
UPL LIMITED,UPL,₹602.40
URAVI T AND WEDG LAMP LTD,URAVI,₹403.95
URBAN ENVIRO WASTE MGMT L,URBAN,₹427.50
URJA GLOBAL LIMITED,URJA,₹20.55
UPSURGE SEEDS OF AGRI LTD,USASEEDS,₹267.50
USHA MARTIN LTD.,USHAMART,₹350.10
UDAYSHIVAKUMAR INFRA LTD,USK,₹--
UTI ASSET MNGMT CO LTD,UTIAMC,₹1215.30
UTIAMC - UTIBANKETF,,₹1215.30
UTIAMC - UTINEXT50,,₹1215.30
UTIAMC - UTINIFTETF,,₹1215.30
UTIAMC - UTISENSETF,,₹1215.30
UTIAMC - UTISXN50,,₹1215.30
UTKARSH SMALL FIN BANK L,UTKARSHBNK,₹45.85
UTSSAV CZ GOLD JEWELS LTD,UTSSAV,₹192.10
UTTAM SUGAR MILLS LTD.,UTTAMSUGAR,₹386.45
ULTRA WIRING CONN SYS LTD,UWCSL,₹--
U. Y. FINCORP LIMITED,UYFINCORP,₹31.71
V2 RETAIL LIMITED,V2RETAIL,₹1383.95
VADILAL INDUSTRIES LTD,VADILALIND,₹3947.95
VAIBHAV GLOBAL LIMITED,VAIBHAVGBL,₹301.40
VAISHALI PHARMA LIMITED,VAISHALI,₹189.00
VAKRANGEE LIMITED,VAKRANGEE,₹31.29
VALIANT LABORATORIES LTD,VALIANTLAB,₹118.02
VALIANT ORGANICS LIMITED,VALIANTORG,₹408.60
VARDHAMAN ACRYLICS LTD,VARDHACRLC,₹59.71
VARDHMAN POLYTEX LTD.,VARDMNPOLY,₹12.83
VARROC ENGINEERING LTD.,VARROC,₹579.00
VASCON ENGINEERS LTD,VASCONEQ,₹61.00
VASWANI IND LTD,VASWANI,₹66.00
VARUN BEVERAGES LIMITED,VBL,₹574.90
VAXTEX COTFAB LIMITED,VCL,₹0.80
VDEAL SYSTEM LIMITED,VDEAL,₹152.00
VEDANTA LIMITED,VEDL,₹512.90
VEEKAYEM FASH & APP LTD,VEEKAYEM,₹315.00
VELS FILM INTERNATIONAL L,VELS,₹46.80
VENKY S (INDIA) LIMITED,VENKEYS,₹1971.35
VENUS PIPES & TUBES LTD,VENUSPIPES,₹2159.95
VENUS REMEDIES LIMITED,VENUSREM,₹329.60
VERA SYNTHETIC LIMITED,VERA,₹83.75
VERANDA LEARNING SOL LTD,VERANDA,₹297.00
VERITAAS ADVERTISING LTD,VERITAAS,₹--
VERTOZ LIMITED,VERTOZ,₹27.52
VESUVIUS INDIA LTD,VESUVIUS,₹5320.75
VETO SWITCHGEAR CABLE LTD,VETO,₹136.15
V-GUARD IND LTD.,VGUARD,₹445.00
VARDHMAN HOLDINGS LIMITED,VHL,₹4129.30
VICEROY HOTELS LIMITED,VHLTD,₹127.98
VIAZ TYRES LIMITED,VIAZ,₹68.45
VIDHI SPCLTY F INGRDNTS L,VIDHIING,₹508.40
VISION INFRA EQUIP SOL L,VIESL,₹167.95
VIJAYA DIAGNOSTIC CEN LTD,VIJAYA,₹981.10
VIJI FINANCE LIMITED,VIJIFIN,₹2.72
VIKAS ECOTECH LIMITED,VIKASECO,₹3.62
VIKAS LIFECARE LIMITED,VIKASLIFE,₹4.78
VILIN BIO MED LIMITED,VILINBIO,₹21.50
VIMTA LABS LIMITED,VIMTALABS,₹527.10
VINATI ORGANICS LTD,VINATIORGA,₹2061.00
VINDHYA TELELINKS LTD,VINDHYATEL,₹2310.00
VINEET LABORATORIES LTD,VINEETLAB,₹57.39
VINNY OVERSEAS LIMITED,VINNY,₹2.56
VINSYS IT SERVICES IND LT,VINSYS,₹370.00
VINYL CHEMICALS (I) LTD.,VINYLINDIA,₹384.45
VIP CLOTHING LIMITED,VIPCLOTHNG,₹--
VIP INDUSTRIES LTD,VIPIND,₹564.00
VIPUL LIMITED,VIPULLTD,₹39.89
VIRINCHI LIMITED,VIRINCHI,₹32.85
VISAKA INDUSTRIES LIMITED,VISAKAIND,₹109.40
VISAMAN GLOBAL SALES LTD,VISAMAN,₹42.50
VISA STEEL LIMITED,VISASTEEL,₹32.80
VISHNU CHEMICALS LIMITED,VISHNU,₹421.00
VISHNUSURYA PROJ N INFR L,VISHNUINFR,₹344.95
VISHWARAJ SUGAR IND LTD,VISHWARAJ,₹19.40
VISHWAS AGRI SEEDS LTD,VISHWAS,₹79.00
VISAGAR POLYTEX LTD,VIVIDHA,₹1.09
VIVO COLLAB SOLUTIONS LTD,VIVO,₹85.95
VL E GOV AND IT SOL LTD,VLEGOV,₹151.60
V.L.INFRAPROJECTS LIMITED,VLINFRA,₹70.00
VLS FINANCE LTD,VLSFINANCE,₹400.30
V MARC INDIA LIMITED,VMARCIND,₹415.10
VMART RETAIL LTD,VMART,₹4425.00
VOLTAMP TRANSFORMERS LTD,VOLTAMP,₹12610.95
VOLTAS LTD,VOLTAS,₹1845.10
VISHNU PRAKASH R PUNGLI L,VPRPL,₹266.80
V R INFRASPACE LIMITED,VR,₹349.00
VRAJ IRON AND STEEL LTD,VRAJ,₹253.00
VRL LOGISTICS LIMITED,VRLLOG,₹548.90
VADIVARHE SPCLTY CHEM LTD,VSCL,₹48.00
VARDHMAN SPC STEEL LTD,VSSL,₹290.90
VST INDUSTRIES LTD,VSTIND,₹362.90
VIBHOR STEEL TUBES LTD,VSTL,₹248.05
VST TILLERS TRACTORS LTD,VSTTILLERS,₹4415.75
VARDHMAN TEXTILES LIMITED,VTL,₹470.40
VA TECH WABAG LTD,WABAG,₹1517.90
WALCHANDNAGAR INDUSTRIES,WALCHANNAG,₹288.70
WALPAR NUTRITIONS LIMITED,WALPAR,₹--
WANBURY LIMITED,WANBURY,₹258.00
WESTERN CARRIERS (IND) L,WCIL,₹151.89
WEALTH FRST PORT. MG. LTD,WEALTH,₹1355.00
WEBSOL ENERGY SYSTEM LTD,WEBELSOLAR,₹1021.90
WEIZMANN LTD,WEIZMANIND,₹131.10
WONDER ELECTRICALS LTD,WEL,₹1358.10
WELSPUN CORP LIMITED,WELCORP,₹720.20
WELSPUN ENTERPRISES LTD.,WELENT,₹540.15
WELSPUN INV & COMM LTD,WELINV,₹1039.05
WELSPUN LIVING LIMITED,WELSPUNLIV,₹169.00
WENDT (INDIA) LIMITED,WENDT,₹14225.00
WESTLIFE FOODWORLD LTD,WESTLIFE,₹895.00
WE WIN LIMITED,WEWIN,₹73.35
WHEELS INDIA LTD,WHEELS,₹739.05
WHIRLPOOL OF INDIA LTD,WHIRLPOOL,₹2379.30
WILLIAMSON MAGOR,WILLAMAGOR,₹39.89
WINDLAS BIOTECH LIMITED,WINDLAS,₹869.00
WINDSOR MACHINES LIMITED,WINDMACHIN,₹193.10
WINNY IMMIGRA & EDU SER L,WINNY,₹--
WINSOL ENGINEERS LIMITED,WINSOL,₹316.60
WINSOME YARNS LIMITED,WINSOME,₹3.88
THE WESTERN INDIA PLY LTD,WIPL,₹191.00
WIPRO LTD,WIPRO,₹538.00
WOCKHARDT LIMITED-DEPO,WOCKPHARMA,₹974.00
WONDERLA HOLIDAYS LTD.,WONDERLA,₹867.35
WORTH PERIPHERALS LIMITED,WORTH,₹143.69
W.S.INDUSTRIES (I) LTD.,WSI,₹148.00
WEST COAST PAPER MILLS LT,WSTCSTPAPR,₹614.50
WISE TRAVEL INDIA LIMITED,WTICAB,₹274.05
XCHANGING SOLUTIONS LTD,XCHANGING,₹116.50
XELPMOC DESIGN & TECH LTD,XELPMOC,₹116.96
XPRO INDIA LIMITED,XPROINDIA,₹1098.55
XTGLOBAL INFOTECH LIMITED,XTGLOBAL,₹46.04
YAARI DIGI INT SER LTD,YAARI,₹11.50
YASHO INDUSTRIES LIMITED,YASHO,₹1951.00
YASH OPTICS & LENS LTD,YASHOPTICS,₹89.50
YATHARTH HOSP & TRA C S L,YATHARTH,₹556.60
YATRA ONLINE LIMITED,YATRA,₹129.95
YASONS CHEMEX CARE LTD,YCCL,₹22.75
YES BANK LIMITED,YESBANK,₹21.97
YUKEN INDIA LIMITED,YUKEN,₹1132.30
ZAGGLE PREPA OCEAN SER L,ZAGGLE,₹460.50
ZEAL GLOBAL SERVICES LTD,ZEAL,₹182.70
ZEE ENTERTAINMENT ENT LTD,ZEEL,₹132.60
ZEE LEARN LIMITED,ZEELEARN,₹10.08
ZEE MEDIA CORPORATION LTD,ZEEMEDIA,₹22.00
ZENITH DRUGS LIMITED,ZENITHDRUG,₹122.50
ZENITH EXPORTS LTD,ZENITHEXPO,₹298.00
ZENITH STEEL PIP IND LTD,ZENITHSTL,₹9.90
ZENSAR TECHNOLOGIES  LTD,ZENSARTECH,₹684.10
ZEN TECHNOLOGIES LIMITED,ZENTEC,₹1650.00
ZF COM VE CTR SYS IND LTD,ZFCVINDIA,₹15354.25
ZIM LABORATORIES LIMITED,ZIMLAB,₹107.30
ZODIAC ENERGY LIMITED,ZODIAC,₹592.25
ZODIAC CLOTHING CO LTD,ZODIACLOTH,₹127.55
ZOMATO LIMITED,ZOMATO,₹278.55
ZOTA HEALTH CARE LIMITED,ZOTA,₹619.30
Z-TECH (INDIA) LIMITED,ZTECH,₹418.15
ZUARI AGRO CHEMICALS LTD,ZUARI,₹203.45
ZUARI INDUSTRIES LIMITED,ZUARIIND,₹345.90
ZYDUS LIFESCIENCES LTD,ZYDUSLIFE,₹1060.85
ZYDUS WELLNESS LIMITED,ZYDUSWELL,₹1950.00
